Workbook
Name Document_array: {"Book1"}
Name DSTD_Clear: [0]!DSTD_Clear

Sheet CCTV
B1: SUNTORY PEPSI LONG AN PROJECT - ME WORKS | G1: core SM | H1: core MM | J1: Rack Unit
B2: STT | C2: ITEMS | D2: UNIT | E2: Qty | F2: Used for | G2: Power Consumption | H2: REMARK
A3: 0 | C3: IDF SECURITY ROOM | D3: set | E3: 1 | G3: 224 | H3: 0 | J3: =SUBTOTAL(9,J9:J38) -> 35 | K3: COO | L3: Delivery time | M3: Brand Name | N3: UOM | O3: Price | P3: sum
C4: CABINET | D4: set | E4: 1
B5: VRS48-8120 | C5: VRS42-8120 : Tủ chứa máy chủ dòng S, 42U, 800mm x 1200mm, màu đen | E5: 1 | K5: VN | L5: 4 tuần | M5: Vietrack | N5: Cái | O5: =VLOOKUP($B5,BOM!$A$2:$K$94,10,0) -> 0 | P5: =O5*E5 -> 0
B6: VRMV48-1F | C6: VRMV48-1F : Thanh quản lý cáp dọc, 48U, dạng đơn, màu đen | E6: 2 | K6: VN | L6: 4 tuần | M6: Vietrack | N6: Cái | O6: =VLOOKUP($B6,BOM!$A$2:$K$94,10,0) -> 0 | P6: =O6*E6 -> 0
B7: VRP124-MCB32 | C7: Rack Power Distribution Unit, 24 Universal Outlets, 32A, 250V, MCB | D7: CN | E7: 2 | K7: CN | L7: 8 tuần | M7: Vietrack | N7: Cái | O7: =VLOOKUP($B7,BOM!$A$2:$K$94,10,0) -> 0 | P7: =O7*E7 -> 0
C8: ODF | D8: set | E8: 1 | G8: =ROUNDUP(G3/24,0) -> 10 | H8: =ROUNDUP(H3/24,0) -> 0 | O8: =VLOOKUP($B8,BOM!$A$2:$K$94,10,0) -> 0 | P8: =O8*E8 -> 0
B9: 760249997 | C9: EPX-1U-PNL-ENC | D9: Cái | E9: =ROUNDUP((E11+E15)/3,0) -> 4 | J9: =E9 -> 4 | K9: CN | L9: 8 tuần | M9: Commscope | N9: Cái | O9: =VLOOKUP($B9,BOM!$A$2:$K$94,10,0) -> 0 | P9: =O9*E9 -> 0
B10: 760241378 | C10: CommScope® 48 Fibers Slicing Tray Kit | D10: Cái | E10: =IF(E11<=2,1,ROUNDUP(E9*1.5,0)) -> 6 | K10: CN | L10: 8 tuần | M10: Commscope | N10: Cái | O10: =VLOOKUP($B10,BOM!$A$2:$K$94,10,0) -> 0 | P10: =O10*E10 -> 0
B11: EK5809-001 | C11: CommScope® 1000-type Adapter Plate 12 LC/UPC Duplex SM, Blue | D11: Cái | E11: =G8 -> 10 | K11: CN | L11: 8 tuần | M11: Commscope | N11: Cái | O11: =VLOOKUP($B11,BOM!$A$2:$K$94,10,0) -> 0 | P11: =O11*E11 -> 0
B12: EM2454-001 | C12: ADAPTER PLATE BLANK ASSY | D12: Cái | E12: =E9*3-E11-E15 -> 2 | K12: CN | L12: 8 tuần | M12: Commscope | N12: Cái | O12: =VLOOKUP($B12,BOM!$A$2:$K$94,10,0) -> 0 | P12: =O12*E12 -> 0
B13: 2105081-2 | C13: LC TO LC 0.9mm SM LSZH 2M | D13: sợi | E13: =G3/2 -> 112 | K13: CN | L13: 8 tuần | M13: Commscope | N13: Sợi | O13: =VLOOKUP($B13,BOM!$A$2:$K$94,10,0) -> 0 | P13: =O13*E13 -> 0
B14: 2105028-3 | C14: COMMSCOPE/ AMP Fiber Optic Cable Assembly, Duplex LC, OS2, 3m | D14: sợi | E14: =ROUNDUP(SUM(E24:E25,E29)*1.3,0) -> 56 | K14: CN | L14: 8 tuần | M14: Commscope | N14: Sợi | O14: =VLOOKUP($B14,BOM!$A$2:$K$94,10,0) -> 0 | P14: =O14*E14 -> 0
B15: EK5808-001 | C15: ADAPTER PLATE ASSY 12 LC DUP AQUA | D15: Cái | E15: =H8 -> 0 | K15: CN | L15: 8 tuần | M15: Commscope | N15: Sợi | O15: =VLOOKUP($B15,BOM!$A$2:$K$94,10,0) -> 0 | P15: =O15*E15 -> 0
B16: 2105061-3 | C16: LC TO LC 1.8mm OM4 DPX LSZH AND OFNR 3M | D16: sợi | E16: 0 | K16: CN | L16: 8 tuần | M16: Commscope | N16: Sợi | O16: =VLOOKUP($B16,BOM!$A$2:$K$94,10,0) -> 0 | P16: =O16*E16 -> 0
B17: 2105084-2 | C17: LC TO LC 0.9mm OM4 LSZH 2M | D17: sợi | E17: =H3/2 -> 0 | K17: CN | L17: 8 tuần | M17: Commscope | N17: Sợi | O17: =VLOOKUP($B17,BOM!$A$2:$K$94,10,0) -> 0 | P17: =O17*E17 -> 0
C18: Patch panel | D18: set | O18: =VLOOKUP($B18,BOM!$A$2:$K$94,10,0) -> 0 | P18: =O18*E18 -> 0
B19: 760237046 | C19: CPP-SDDM-SL-1U-24: CommScope® SL DDM Patch Panel, STP, 1U, 24 port, Straight, Unload | D19: Cái | E19: =E23+E28 -> 6 | J19: =E19 -> 6 | K19: CN | L19: 8 tuần | M19: Commscope | N19: Cái | O19: =VLOOKUP($B19,BOM!$A$2:$K$94,10,0) -> 0 | P19: =O19*E19 -> 0
B20: VRMH01-1F | C20: Horizontal Cable Management 1U, Finger Duct, Black | D20: Cái | E20: =E19 -> 6 | J20: =E20 -> 6 | K20: CN | L20: 8 tuần | M20: Vietrack | N20: Cái | O20: =VLOOKUP($B20,BOM!$A$2:$K$94,10,0) -> 0 | P20: =O20*E20 -> 0
B21: 2153449-2 | C21: NetConnect® SLX Jack, Category 6A, S/FTP, without Dust Cover, Black | D21: Cái | E21: =E19*24 -> 144 | K21: MX | L21: 8 tuần | M21: Commscope | N21: Cái | O21: =VLOOKUP($B21,BOM!$A$2:$K$94,10,0) -> 0 | P21: =O21*E21 -> 0
C22: Security Core Switch 24 port | D22: set | E22: 2 | O22: =VLOOKUP($B22,BOM!$A$2:$K$94,10,0) -> 0 | P22: =O22*E22 -> 0
B23: OS6860N-U28 | C23: OmniSwitch OS6860N-U28 Thiết bị chuyển mạch Alcatel-Lucent OmniSwitch OS6860N-U28: Fixed-configuration chassis in a 1U form factor with 24x100/1000 Base-X SFP ports, 4x 1G/10G SFP+ ports, four SFP28 (1G/10G/25G) ports and 2 x 100G QSFP28 Virtual Chassis link ports. All ports are MACSec capable. The bundle includes one system AC power supply, country-specific power cord, user manuals, access card, hardware for mounting in a 19” rack and a micro-USB-to-USB console adapter 2x Alcatel-Lucent Cable OS6860-CBL-100 1m OS6865 20 Gigabit direct attached copper cable (1m, QSFP+). | D23: cái | E23: 2 | J23: =E23 -> 2 | K23: Asia | L23: 6-8 tuần | M23: Alcatel Lucent | N23: cái | O23: =VLOOKUP($B23,BOM!$A$2:$K$94,10,0) -> 0 | P23: =O23*E23 -> 0
B24: SFP-GIG-LX | C24: Module quang SFP-GIG-LX 1000Base-LX 1310nm 20km - Alcatel-Lucent | D24: cái | E24: 37 | K24: Asia | L24: 6-8 tuần | M24: Alcatel Lucent | N24: cái | O24: =VLOOKUP($B24,BOM!$A$2:$K$94,10,0) -> 0 | P24: =O24*E24 -> 0
B25: SFP-10G-LR | C25: 10 Gigabit optical transceiver SFP+). Supports monomode fiber over 1310nm wavelength nominal) with an LC connector. Typical reach of 10Km | D25: cái | E25: 2 | K25: Asia | L25: 6-8 tuần | M25: Alcatel Lucent | N25: cái | O25: =VLOOKUP($B25,BOM!$A$2:$K$94,10,0) -> 0 | P25: =O25*E25 -> 0
B26: S2P31A | C26: HPE Aruba Networking 10G SFP+ LC LR 10km SMF C-class Transceiver | D26: cái | E26: 0 | K26: Asia | L26: 6-8 tuần | M26: HPE Aruba | N26: cái | O26: =VLOOKUP($B26,BOM!$A$2:$K$94,10,0) -> 0 | P26: =O26*E26 -> 0
C27: Switch POE 24 Ports for CCTV | D27: set | E27: 3 | I27: CCTV | O27: =VLOOKUP($B27,BOM!$A$2:$K$94,10,0) -> 0 | P27: =O27*E27 -> 0
B28: OS6360-PH24 | C28: OmniSwitch OS6360-PH24 Alcatel-Lucent OmniSwitch OS6360-PH24 Stackable Switch : Fixed 1RU chassis 24 RJ-45 PoE 10/100/1G BaseT, 2 1G* RJ45/SFP combo, 2 SFP+ (1G/10G) uplink or VFL ports. 380W power budget. *10G license upgradeable. | D28: cái | E28: 4 | J28: =E28 -> 4 | K28: Asia | L28: 6-8 tuần | M28: Alcatel Lucent | N28: cái | O28: =VLOOKUP($B28,BOM!$A$2:$K$94,10,0) -> 0 | P28: =O28*E28 -> 0
B29: SFP-GIG-LX | C29: Module quang SFP-GIG-LX 1000Base-LX 1310nm 20km - Alcatel-Lucent | D29: cái | E29: =E28 -> 4 | K29: Asia | L29: 6-8 tuần | M29: Alcatel Lucent | N29: cái | O29: =VLOOKUP($B29,BOM!$A$2:$K$94,10,0) -> 0 | P29: =O29*E29 -> 0
C30: IP AMPLIFIER (240W) | D30: set | E30: 1 | H30: Equipment by PA Supplier | J30: =E30 -> 1 | O30: =VLOOKUP($B30,BOM!$A$2:$K$94,10,0) -> 0 | P30: =O30*E30 -> 0
C31: Network Module | D31: set | E31: 1 | G31: Pulic Address | H31: Equipment by PA Supplier | J31: 1 | O31: =VLOOKUP($B31,BOM!$A$2:$K$94,10,0) -> 0 | P31: =O31*E31 -> 0
C32: Network Audio Interface Unit | D32: set | E32: 1 | G32: Pulic Address | H32: Equipment by PA Supplier | J32: =E32 -> 1 | O32: =VLOOKUP($B32,BOM!$A$2:$K$94,10,0) -> 0 | P32: =O32*E32 -> 0
C33: IP-1000CI TOA (32 ports) | D33: set | E33: 1 | H33: Equipment by PA Supplier | J33: =E33 -> 1 | O33: =VLOOKUP($B33,BOM!$A$2:$K$94,10,0) -> 0 | P33: =O33*E33 -> 0
C34: IP -GATEWAY | D34: set | E34: 1 | H34: Equipment by PA Supplier | J34: =E34 -> 1 | O34: =VLOOKUP($B34,BOM!$A$2:$K$94,10,0) -> 0 | P34: =O34*E34 -> 0
C35: Storage sever 1~6 | D35: set | E35: 1 | H35: 6 Months ( 180 Days ), Equipment by Equipment by CCTV Supplier | O35: =VLOOKUP($B35,BOM!$A$2:$K$94,10,0) -> 0 | P35: =O35*E35 -> 0
C36: UPS 10KVA - backup 15 min | D36: set | E36: 1 | O36: =VLOOKUP($B36,BOM!$A$2:$K$94,10,0) -> 0 | P36: =O36*E36 -> 0
B37: SRT10KRMXLI | C37: APC Smart UPS SRT10KRMXLIT-IEC UPS Battery Set (Replacement) | D37: set | E37: 0 | J37: 4 | L37: 8 tuần | M37: Vietrack | N37: Cái | O37: =VLOOKUP($B37,BOM!$A$2:$K$94,10,0) -> 0 | P37: =O37*E37 -> 0
B38: SRT192RMBP2 | C38: External battery lưu điện 15 phút 8kw | D38: set | E38: 0 | J38: 4 | L38: 8 tuần | M38: Vietrack | N38: Cái | O38: =VLOOKUP($B38,BOM!$A$2:$K$94,10,0) -> 0 | P38: =O38*E38 -> 0
C39: Accessory: Fan, socket outlet; Patch cord, Pigtail…. | D39: set | E39: 1 | O39: =VLOOKUP($B39,BOM!$A$2:$K$94,10,0) -> 0 | P39: =O39*E39 -> 0
C40: Oulet | O40: =VLOOKUP($B40,BOM!$A$2:$K$94,10,0) -> 0 | P40: =O40*E40 -> 0
B41: 272368-1 | C41: COMMSCOPE/ AMP US Style Low Profile Faceplate, 1-Port Shuttered, w/Label & Icon, Almond | D41: Cái | E41: =E42 -> 0 | K41: Thái Lan | L41: 8 tuần | M41: Commscope | N41: Cái | O41: =VLOOKUP($B41,BOM!$A$2:$K$94,10,0) -> 0 | P41: =O41*E41 -> 0
B42: NSP-USMB | C42: Đế sâu 60mm cho jack Cat6A FTP | D42: Cái | E42: =G40+H40 -> 0 | K42: VN | L42: 8 tuần | M42: VN | N42: Cái | O42: =VLOOKUP($B42,BOM!$A$2:$K$94,10,0) -> 0 | P42: =O42*E42 -> 0
B43: 2153449-1 | C43: NetConnect® SLX Jack, Category 6A, S/FTP, without Dust Cover, Almond | D43: Cái | E43: =E41 -> 0 | K43: MX | L43: 8 tuần | M43: Commscope | N43: Cái | O43: =VLOOKUP($B43,BOM!$A$2:$K$94,10,0) -> 0 | P43: =O43*E43 -> 0
C44: Đấu nối cho Camera-wifi-và các thiết bị gắn trần | H44: 66 | O44: =VLOOKUP($B44,BOM!$A$2:$K$94,10,0) -> 0 | P44: =O44*E44 -> 0
B45: 5-1933433-3 | C45: KIT,8P,MP,.310 ,CAT6/6A,SHIELDED, 100PC | D45: Cái | E45: =H44 -> 66 | K45: CN | L45: 8 tuần | M45: Commscope | N45: Cái | O45: =VLOOKUP($B45,BOM!$A$2:$K$94,10,0) -> 0 | P45: =O45*E45 -> 0
B46: 1933943-2 | C46: BOOT, HOODED, 0.310 GRAY | D46: Cái | E46: =E45 -> 66 | K46: CN | L46: 8 tuần | M46: Commscope | N46: Cái | O46: =VLOOKUP($B46,BOM!$A$2:$K$94,10,0) -> 0 | P46: =O46*E46 -> 0
C47: dây nhảy | O47: =VLOOKUP($B47,BOM!$A$2:$K$94,10,0) -> 0 | P47: =O47*E47 -> 0
B48: NPC6ASZDB-WT003M | C48: NetConnect® Patch cord, Category 6A, 4pair, Stranded S/FTP, LSZH, White, 3 m | D48: sợi | E48: =E45+1 -> 67 | K48: CN | L48: 8 tuần | M48: Commscope | N48: Sợi | O48: =VLOOKUP($B48,BOM!$A$2:$K$94,10,0) -> 0 | P48: =O48*E48 -> 0
B49: NPC6ASZDB-WT003M | C49: NetConnect® Patch cord, Category 6A, 4pair, Stranded S/FTP, LSZH, White, 3 m | D49: sợi | E49: 100 | K49: CN | L49: 8 tuần | M49: Commscope | N49: Sợi | O49: =VLOOKUP($B49,BOM!$A$2:$K$94,10,0) -> 0 | P49: =O49*E49 -> 0
C50: Labor fee: Installation, T&C | O50: =VLOOKUP($B50,BOM!$A$2:$K$94,10,0) -> 0 | P50: =O50*E50 -> 0
B51: SRV-UPSINST | C51: SRV-UPSINST | E51: =E37 -> 0 | N51: bộ | O51: =VLOOKUP($B51,BOM!$A$2:$K$94,10,0) -> 0 | P51: =O51*E51 -> 0
B52: THICONG12 | C52: Phí test report cáp mạng cat 6A | D52: node | E52: =E49+E48 -> 167 | M52: Fluke | N52: node | O52: =VLOOKUP($B52,BOM!$A$2:$K$94,10,0) -> 0 | P52: =O52*E52 -> 0
B53: THICONG10 | C53: Phí thi công test report cáp quang chưa bao gồm chi phi Thang, dàn giáo, xe nâng nếu có | D53: sợi | E53: =E13 -> 112 | M53: Fluke | N53: sợi | O53: =VLOOKUP($B53,BOM!$A$2:$K$94,10,0) -> 0 | P53: =O53*E53 -> 0
B54: THICONG09 | C54: Phí thi công hàn cáp quang chưa bao gồm chi phi Thang, dàn giáo, xe nâng nếu có | D54: đầu | E54: =E53*2 -> 224 | M54: NSP | N54: đầu | O54: =VLOOKUP($B54,BOM!$A$2:$K$94,10,0) -> 0 | P54: =O54*E54 -> 0
B55: THICONG11 | C55: Phí thi công đấu nối cáp đồng cat 6A, patch panel, lắp tủ rack, cắm dây nhảy,bó cáp,làm gọn cáp chưa bao gồm chi phi Thang, dàn giáo, xe nâng nếu có | D55: cái | E55: =E19 -> 6 | M55: NSP | N55: cái | O55: =VLOOKUP($B55,BOM!$A$2:$K$94,10,0) -> 0 | P55: =O55*E55 -> 0
A56: 1 | C56: IDF 1 SECURITY ROOM DATA | D56: set | E56: 1 | G56: 8 | O56: =VLOOKUP($B56,BOM!$A$2:$K$94,10,0) -> 0 | P56: =O56*E56 -> 0
C57: CABINET | D57: set | E57: 1 | O57: =VLOOKUP($B57,BOM!$A$2:$K$94,10,0) -> 0 | P57: =O57*E57 -> 0
O58: =VLOOKUP($B58,BOM!$A$2:$K$94,10,0) -> 0 | P58: =O58*E58 -> 0
O59: =VLOOKUP($B59,BOM!$A$2:$K$94,10,0) -> 0 | P59: =O59*E59 -> 0
O60: =VLOOKUP($B60,BOM!$A$2:$K$94,10,0) -> 0 | P60: =O60*E60 -> 0
O61: =VLOOKUP($B61,BOM!$A$2:$K$94,10,0) -> 0 | P61: =O61*E61 -> 0
O62: =VLOOKUP($B62,BOM!$A$2:$K$94,10,0) -> 0 | P62: =O62*E62 -> 0
O63: =VLOOKUP($B63,BOM!$A$2:$K$94,10,0) -> 0 | P63: =O63*E63 -> 0
O64: =VLOOKUP($B64,BOM!$A$2:$K$94,10,0) -> 0 | P64: =O64*E64 -> 0
O65: =VLOOKUP($B65,BOM!$A$2:$K$94,10,0) -> 0 | P65: =O65*E65 -> 0
O66: =VLOOKUP($B66,BOM!$A$2:$K$94,10,0) -> 0 | P66: =O66*E66 -> 0
O67: =VLOOKUP($B67,BOM!$A$2:$K$94,10,0) -> 0 | P67: =O67*E67 -> 0
O68: =VLOOKUP($B68,BOM!$A$2:$K$94,10,0) -> 0 | P68: =O68*E68 -> 0
O69: =VLOOKUP($B69,BOM!$A$2:$K$94,10,0) -> 0 | P69: =O69*E69 -> 0
... O100: =VLOOKUP($B100,BOM!$A$2:$K$94,10,0) -> 0 | P100: =O100*E100 -> 0
A101: 2 | C101: IDF 01.1 | D101: set | E101: 1 | G101: 8 | J101: =SUBTOTAL(9,J104:J128) -> 17 | O101: =VLOOKUP($B101,BOM!$A$2:$K$94,10,0) -> 0 | P101: =O101*E101 -> 0
C102: CABINET | D102: set | E102: 1 | O102: =VLOOKUP($B102,BOM!$A$2:$K$94,10,0) -> 0 | P102: =O102*E102 -> 0
B103: VRW15-160 | C103: VRW15-160 : Tủ chứa thiết bị gắn tường, 15U, 600mm x 600mm, màu đen | E103: 1 | K103: CN | L103: 4 tuần | M103: Vietrack | N103: Cái | O103: =VLOOKUP($B103,BOM!$A$2:$K$94,10,0) -> 0 | P103: =O103*E103 -> 0
B104: VRP106-MCB16 | C104: Rack Power Distribution Unit, 6 Universal Outlets, 16A, 250V, MCB | E104: 1 | J104: =E104 -> 1 | K104: CN | L104: 8 tuần | M104: Vietrack | N104: Cái | O104: =VLOOKUP($B104,BOM!$A$2:$K$94,10,0) -> 0 | P104: =O104*E104 -> 0
C105: ODF | D105: set | E105: 1 | G105: =ROUNDUP(G101/24,0) -> 1 | H105: =ROUNDUP(H101/24,0) -> 0 | O105: =VLOOKUP($B105,BOM!$A$2:$K$94,10,0) -> 0 | P105: =O105*E105 -> 0
B106: 760249997 | C106: EPX-1U-PNL-ENC | D106: Cái | E106: =ROUNDUP((E108+E112)/3,0) -> 1 | J106: =E106 -> 1 | K106: CN | L106: 8 tuần | M106: Commscope | N106: Cái | O106: =VLOOKUP($B106,BOM!$A$2:$K$94,10,0) -> 0 | P106: =O106*E106 -> 0
B107: 760241378 | C107: CommScope® 48 Fibers Slicing Tray Kit | D107: Cái | E107: =IF(E108<=2,1,ROUNDUP(E106*1.5,0)) -> 1 | K107: CN | L107: 8 tuần | M107: Commscope | N107: Cái | O107: =VLOOKUP($B107,BOM!$A$2:$K$94,10,0) -> 0 | P107: =O107*E107 -> 0
B108: EK5809-001 | C108: CommScope® 1000-type Adapter Plate 12 LC/UPC Duplex SM, Blue | D108: Cái | E108: =G105 -> 1 | K108: CN | L108: 8 tuần | M108: Commscope | N108: Cái | O108: =VLOOKUP($B108,BOM!$A$2:$K$94,10,0) -> 0 | P108: =O108*E108 -> 0
B109: EM2454-001 | C109: ADAPTER PLATE BLANK ASSY | D109: Cái | E109: =E106*3-E108-E112 -> 2 | K109: CN | L109: 8 tuần | M109: Commscope | N109: Cái | O109: =VLOOKUP($B109,BOM!$A$2:$K$94,10,0) -> 0 | P109: =O109*E109 -> 0
B110: 2105081-2 | C110: LC TO LC 0.9mm SM LSZH 2M | D110: sợi | E110: =G101/2 -> 4 | K110: CN | L110: 8 tuần | M110: Commscope | N110: Sợi | O110: =VLOOKUP($B110,BOM!$A$2:$K$94,10,0) -> 0 | P110: =O110*E110 -> 0
B111: 2105028-3 | C111: COMMSCOPE/ AMP Fiber Optic Cable Assembly, Duplex LC, OS2, 3m | D111: sợi | E111: =ROUNDUP((E117+E120)*1.3,0) -> 3 | K111: CN | L111: 8 tuần | M111: Commscope | N111: Sợi | O111: =VLOOKUP($B111,BOM!$A$2:$K$94,10,0) -> 0 | P111: =O111*E111 -> 0
B112: EK5808-001 | C112: ADAPTER PLATE ASSY 12 LC DUP AQUA | D112: Cái | E112: =H105 -> 0 | K112: CN | L112: 8 tuần | M112: Commscope | N112: Sợi | O112: =VLOOKUP($B112,BOM!$A$2:$K$94,10,0) -> 0 | P112: =O112*E112 -> 0
B113: 2105061-3 | C113: LC TO LC 1.8mm OM4 DPX LSZH AND OFNR 3M | D113: sợi | E113: 0 | K113: CN | L113: 8 tuần | M113: Commscope | N113: Sợi | O113: =VLOOKUP($B113,BOM!$A$2:$K$94,10,0) -> 0 | P113: =O113*E113 -> 0
B114: 2105084-2 | C114: LC TO LC 0.9mm OM4 LSZH 2M | D114: sợi | E114: =H101/2 -> 0 | K114: CN | L114: 8 tuần | M114: Commscope | N114: Sợi | O114: =VLOOKUP($B114,BOM!$A$2:$K$94,10,0) -> 0 | P114: =O114*E114 -> 0
C115: Switch PoE 24 Port | D115: set | E115: 1 | O115: =VLOOKUP($B115,BOM!$A$2:$K$94,10,0) -> 0 | P115: =O115*E115 -> 0
O116: =VLOOKUP($B116,BOM!$A$2:$K$94,10,0) -> 0 | P116: =O116*E116 -> 0
O117: =VLOOKUP($B117,BOM!$A$2:$K$94,10,0) -> 0 | P117: =O117*E117 -> 0
C118: Switch POE 24 Ports for CCTV | D118: set | E118: 2 | O118: =VLOOKUP($B118,BOM!$A$2:$K$94,10,0) -> 0 | P118: =O118*E118 -> 0
B119: OS6360-PH24 | C119: OmniSwitch OS6360-PH24 Alcatel-Lucent OmniSwitch OS6360-PH24 Stackable Switch : Fixed 1RU chassis 24 RJ-45 PoE 10/100/1G BaseT, 2 1G* RJ45/SFP combo, 2 SFP+ (1G/10G) uplink or VFL ports. 380W power budget. *10G license upgradeable. | D119: cái | E119: 2 | J119: =E119 -> 2 | K119: Asia | L119: 6-8 tuần | M119: Alcatel Lucent | N119: cái | O119: =VLOOKUP($B119,BOM!$A$2:$K$94,10,0) -> 0 | P119: =O119*E119 -> 0
B120: SFP-GIG-LX | C120: Module quang SFP-GIG-LX 1000Base-LX 1310nm 20km - Alcatel-Lucent | D120: cái | E120: =E119 -> 2 | K120: Asia | L120: 6-8 tuần | M120: Alcatel Lucent | N120: cái | O120: =VLOOKUP($B120,BOM!$A$2:$K$94,10,0) -> 0 | P120: =O120*E120 -> 0
C121: IP AMPLIFIER 480W) | D121: set | E121: 0 | H121: Equipment by PA Supplier | J121: =E121*3 -> 0 | O121: =VLOOKUP($B121,BOM!$A$2:$K$94,10,0) -> 0 | P121: =O121*E121 -> 0
C122: Network Module | D122: set | E122: 0 | H122: Equipment by PA Supplier | J122: 1 | O122: =VLOOKUP($B122,BOM!$A$2:$K$94,10,0) -> 0 | P122: =O122*E122 -> 0
C123: Patch panel | D123: set | E123: 1 | O123: =VLOOKUP($B123,BOM!$A$2:$K$94,10,0) -> 0 | P123: =O123*E123 -> 0
B124: 760237046 | C124: CPP-SDDM-SL-1U-24: CommScope® SL DDM Patch Panel, STP, 1U, 24 port, Straight, Unload | D124: Cái | E124: =E116+E119 -> 2 | J124: =E124 -> 2 | K124: CN | L124: 8 tuần | M124: Commscope | N124: Cái | O124: =VLOOKUP($B124,BOM!$A$2:$K$94,10,0) -> 0 | P124: =O124*E124 -> 0
B125: 2153449-2 | C125: NetConnect® SLX Jack, Category 6A, S/FTP, without Dust Cover, Black | D125: Cái | E125: =E124*24 -> 48 | K125: MX | L125: 8 tuần | M125: Commscope | N125: Cái | O125: =VLOOKUP($B125,BOM!$A$2:$K$94,10,0) -> 0 | P125: =O125*E125 -> 0
B126: VRMH01-1F | C126: Horizontal Cable Management 1U, Finger Duct, Black | D126: Cái | E126: 2 | J126: =E126 -> 2 | K126: CN | L126: 8 tuần | M126: Vietrack | N126: Cái | O126: =VLOOKUP($B126,BOM!$A$2:$K$94,10,0) -> 0 | P126: =O126*E126 -> 0
C127: UPS 3kVA - backup 15 min | D127: set | E127: 1 | O127: =VLOOKUP($B127,BOM!$A$2:$K$94,10,0) -> 0 | P127: =O127*E127 -> 0
B128: SRV2KIL-E | C128: APC Smart-UPS On-Line, 3kVA, Rackmount 2U, 230V, 8x C13+2x C19 IEC outlets, SmartSlot, Extended runtime, W/ rail kit | D128: bộ | E128: 1 | J128: =E128*8 -> 8 | L128: 8 tuần | M128: schneider APC | N128: Cái | O128: =VLOOKUP($B128,BOM!$A$2:$K$94,10,0) -> 0 | P128: =O128*E128 -> 0
O129: =VLOOKUP($B129,BOM!$A$2:$K$94,10,0) -> 0 | P129: =O129*E129 -> 0
B130: AP9544 | C130: Card SNMP cho ups 3kva | D130: cái | E130: 0 | L130: 8 tuần | M130: schneider APC | N130: Cái | O130: =VLOOKUP($B130,BOM!$A$2:$K$94,10,0) -> 0 | P130: =O130*E130 -> 0
...

Sheet data-tel 
B1: SUNTORY PEPSI LONG AN PROJECT - ME WORKS | G1: core SM | H1: core MM | J1: Rack Unit
B2: STT | C2: ITEMS | D2: UNIT | E2: Qty | F2: Used for | G2: Power Consumption | H2: REMARK
A3: 0 | C3: IDF SECURITY ROOM | D3: set | E3: 1 | K3: COO | L3: Delivery time | M3: Brand Name | N3: UOM | O3: Price | P3: sum
C4: CABINET | D4: set | E4: 1
O5: =VLOOKUP($B5,BOM!$A$2:$K$94,10,0) -> 0 | Q5: =VLOOKUP($B5,BOM!$A$2:$K$94,9,0) -> 0
O6: =VLOOKUP($B6,BOM!$A$2:$K$94,10,0) -> 0 | Q6: =VLOOKUP($B6,BOM!$A$2:$K$94,9,0) -> 0
O7: =VLOOKUP($B7,BOM!$A$2:$K$94,10,0) -> 0 | Q7: =VLOOKUP($B7,BOM!$A$2:$K$94,9,0) -> 0
C8: ODF | D8: set | E8: 1 | G8: =ROUNDUP(G3/24,0) -> 0 | H8: =ROUNDUP(H3/24,0) -> 0 | O8: =VLOOKUP($B8,BOM!$A$2:$K$94,10,0) -> 0 | P8: =O8*E8 -> 0 | Q8: =VLOOKUP($B8,BOM!$A$2:$K$94,9,0) -> 0
B9: 760249997 | C9: EPX-1U-PNL-ENC | D9: Cái | E9: =ROUNDUP(E11/3,0) -> 0 | K9: CN | L9: 8 tuần | M9: Commscope | N9: Cái | O9: =VLOOKUP($B9,BOM!$A$2:$K$94,10,0) -> 0 | P9: =O9*E9 -> 0 | Q9: =VLOOKUP($B9,BOM!$A$2:$K$94,9,0) -> Cái
B10: 760241378 | C10: CommScope® 48 Fibers Slicing Tray Kit | D10: Cái | E10: 0 | K10: CN | L10: 8 tuần | M10: Commscope | N10: Cái | O10: =VLOOKUP($B10,BOM!$A$2:$K$94,10,0) -> 0 | P10: =O10*E10 -> 0 | Q10: =VLOOKUP($B10,BOM!$A$2:$K$94,9,0) -> Cái
B11: EK5809-001 | C11: CommScope® 1000-type Adapter Plate 12 LC/UPC Duplex SM, Blue | D11: Cái | E11: =SUM(G8:I8) -> 0 | K11: CN | L11: 8 tuần | M11: Commscope | N11: Cái | O11: =VLOOKUP($B11,BOM!$A$2:$K$94,10,0) -> 0 | P11: =O11*E11 -> 0 | Q11: =VLOOKUP($B11,BOM!$A$2:$K$94,9,0) -> Cái
B12: EM2454-001 | C12: ADAPTER PLATE BLANK ASSY | D12: Cái | E12: =E9*3-E11 -> 0 | K12: CN | L12: 8 tuần | M12: Commscope | N12: Cái | O12: =VLOOKUP($B12,BOM!$A$2:$K$94,10,0) -> 0 | P12: =O12*E12 -> 0 | Q12: =VLOOKUP($B12,BOM!$A$2:$K$94,9,0) -> Cái
B13: 2105081-2 | C13: LC TO LC 0.9mm SM LSZH 2M | D13: sợi | E13: {=SUM(G3:I3/2)} -> 0 | K13: CN | L13: 8 tuần | M13: Commscope | N13: Sợi | O13: =VLOOKUP($B13,BOM!$A$2:$K$94,10,0) -> 0 | P13: =O13*E13 -> 0 | Q13: =VLOOKUP($B13,BOM!$A$2:$K$94,9,0) -> Sợi
B14: 2105028-3 | C14: COMMSCOPE/ AMP Fiber Optic Cable Assembly, Duplex LC, OS2, 3m | D14: sợi | E14: 0 | K14: CN | L14: 8 tuần | M14: Commscope | N14: Sợi | O14: =VLOOKUP($B14,BOM!$A$2:$K$94,10,0) -> 0 | P14: =O14*E14 -> 0 | Q14: =VLOOKUP($B14,BOM!$A$2:$K$94,9,0) -> Sợi
B15: EK5808-001 | C15: ADAPTER PLATE ASSY 12 LC DUP AQUA | D15: Cái | E15: =SUM(G12:I12) -> 0 | K15: CN | L15: 8 tuần | M15: Commscope | N15: Sợi | O15: =VLOOKUP($B15,BOM!$A$2:$K$94,10,0) -> 0 | P15: =O15*E15 -> 0 | Q15: =VLOOKUP($B15,BOM!$A$2:$K$94,9,0) -> Cái
B16: 2105061-3 | C16: LC TO LC 1.8mm OM4 DPX LSZH AND OFNR 3M | D16: sợi | E16: {=SUM(G5:I5/2)} -> 0 | K16: CN | L16: 8 tuần | M16: Commscope | N16: Sợi | O16: =VLOOKUP($B16,BOM!$A$2:$K$94,10,0) -> 0 | P16: =O16*E16 -> 0 | Q16: =VLOOKUP($B16,BOM!$A$2:$K$94,9,0) -> Cái
B17: 2105084-2 | C17: LC TO LC 0.9mm OM4 LSZH 2M | D17: sợi | E17: 0 | K17: CN | L17: 8 tuần | M17: Commscope | N17: Sợi | O17: =VLOOKUP($B17,BOM!$A$2:$K$94,10,0) -> 0 | P17: =O17*E17 -> 0 | Q17: =VLOOKUP($B17,BOM!$A$2:$K$94,9,0) -> Cái
C18: Patch panel | D18: set | O18: =VLOOKUP($B18,BOM!$A$2:$K$94,10,0) -> 0 | P18: =O18*E18 -> 0 | Q18: =VLOOKUP($B18,BOM!$A$2:$K$94,9,0) -> 0
B19: 760237046 | C19: CPP-SDDM-SL-1U-24: CommScope® SL DDM Patch Panel, STP, 1U, 24 port, Straight, Unload | D19: Cái | E19: =E23+E28 -> 0 | K19: CN | L19: 8 tuần | M19: Commscope | N19: Cái | O19: =VLOOKUP($B19,BOM!$A$2:$K$94,10,0) -> 0 | P19: =O19*E19 -> 0 | Q19: =VLOOKUP($B19,BOM!$A$2:$K$94,9,0) -> Cái
B20: VRMH01-1F | C20: Horizontal Cable Management 1U, Finger Duct, Black | D20: Cái | E20: =E19 -> 0 | K20: CN | L20: 8 tuần | M20: Vietrack | N20: Cái | O20: =VLOOKUP($B20,BOM!$A$2:$K$94,10,0) -> 0 | P20: =O20*E20 -> 0 | Q20: =VLOOKUP($B20,BOM!$A$2:$K$94,9,0) -> Cái
B21: 2153449-2 | C21: NetConnect® SLX Jack, Category 6A, S/FTP, without Dust Cover, Black | D21: Cái | E21: =E19*24 -> 0 | K21: MX | L21: 8 tuần | M21: Commscope | N21: Cái | O21: =VLOOKUP($B21,BOM!$A$2:$K$94,10,0) -> 0 | P21: =O21*E21 -> 0 | Q21: =VLOOKUP($B21,BOM!$A$2:$K$94,9,0) -> Cái
O22: =VLOOKUP($B22,BOM!$A$2:$K$94,10,0) -> 0 | P22: =O22*E22 -> 0 | Q22: =VLOOKUP($B22,BOM!$A$2:$K$94,9,0) -> 0
O23: =VLOOKUP($B23,BOM!$A$2:$K$94,10,0) -> 0 | P23: =O23*E23 -> 0 | Q23: =VLOOKUP($B23,BOM!$A$2:$K$94,9,0) -> 0
O24: =VLOOKUP($B24,BOM!$A$2:$K$94,10,0) -> 0 | P24: =O24*E24 -> 0 | Q24: =VLOOKUP($B24,BOM!$A$2:$K$94,9,0) -> 0
O25: =VLOOKUP($B25,BOM!$A$2:$K$94,10,0) -> 0 | P25: =O25*E25 -> 0 | Q25: =VLOOKUP($B25,BOM!$A$2:$K$94,9,0) -> 0
O26: =VLOOKUP($B26,BOM!$A$2:$K$94,10,0) -> 0 | P26: =O26*E26 -> 0 | Q26: =VLOOKUP($B26,BOM!$A$2:$K$94,9,0) -> 0
C27: Switch POE 24 Ports for CCTV | D27: set | E27: 3 | O27: =VLOOKUP($B27,BOM!$A$2:$K$94,10,0) -> 0 | P27: =O27*E27 -> 0 | Q27: =VLOOKUP($B27,BOM!$A$2:$K$94,9,0) -> 0
O28: =VLOOKUP($B28,BOM!$A$2:$K$94,10,0) -> 0 | P28: =O28*E28 -> 0 | Q28: =VLOOKUP($B28,BOM!$A$2:$K$94,9,0) -> 0
O29: =VLOOKUP($B29,BOM!$A$2:$K$94,10,0) -> 0 | P29: =O29*E29 -> 0 | Q29: =VLOOKUP($B29,BOM!$A$2:$K$94,9,0) -> 0
C30: IP AMPLIFIER (240W) | D30: set | E30: 1 | H30: Equipment by PA Supplier | O30: =VLOOKUP($B30,BOM!$A$2:$K$94,10,0) -> 0 | P30: =O30*E30 -> 0 | Q30: =VLOOKUP($B30,BOM!$A$2:$K$94,9,0) -> 0
C31: Network Module | D31: set | E31: 1 | G31: Pulic Address | H31: Equipment by PA Supplier | O31: =VLOOKUP($B31,BOM!$A$2:$K$94,10,0) -> 0 | P31: =O31*E31 -> 0 | Q31: =VLOOKUP($B31,BOM!$A$2:$K$94,9,0) -> 0
C32: Network Audio Interface Unit | D32: set | E32: 1 | G32: Pulic Address | H32: Equipment by PA Supplier | O32: =VLOOKUP($B32,BOM!$A$2:$K$94,10,0) -> 0 | P32: =O32*E32 -> 0 | Q32: =VLOOKUP($B32,BOM!$A$2:$K$94,9,0) -> 0
C33: IP-1000CI TOA (32 ports) | D33: set | E33: 1 | H33: Equipment by PA Supplier | O33: =VLOOKUP($B33,BOM!$A$2:$K$94,10,0) -> 0 | P33: =O33*E33 -> 0 | Q33: =VLOOKUP($B33,BOM!$A$2:$K$94,9,0) -> 0
C34: IP -GATEWAY | D34: set | E34: 1 | H34: Equipment by PA Supplier | O34: =VLOOKUP($B34,BOM!$A$2:$K$94,10,0) -> 0 | P34: =O34*E34 -> 0 | Q34: =VLOOKUP($B34,BOM!$A$2:$K$94,9,0) -> 0
C35: Storage sever 1~6 | D35: set | E35: 1 | H35: 6 Months ( 180 Days ), Equipment by Equipment by CCTV Supplier | O35: =VLOOKUP($B35,BOM!$A$2:$K$94,10,0) -> 0 | P35: =O35*E35 -> 0 | Q35: =VLOOKUP($B35,BOM!$A$2:$K$94,9,0) -> 0
C36: UPS 10KVA - backup 15 min | D36: set | E36: 1 | O36: =VLOOKUP($B36,BOM!$A$2:$K$94,10,0) -> 0 | P36: =O36*E36 -> 0 | Q36: =VLOOKUP($B36,BOM!$A$2:$K$94,9,0) -> 0
O37: =VLOOKUP($B37,BOM!$A$2:$K$94,10,0) -> 0 | P37: =O37*E37 -> 0 | Q37: =VLOOKUP($B37,BOM!$A$2:$K$94,9,0) -> 0
O38: =VLOOKUP($B38,BOM!$A$2:$K$94,10,0) -> 0 | P38: =O38*E38 -> 0 | Q38: =VLOOKUP($B38,BOM!$A$2:$K$94,9,0) -> 0
C39: Accessory: Fan, socket outlet; Patch cord, Pigtail…. | D39: set | E39: 1 | O39: =VLOOKUP($B39,BOM!$A$2:$K$94,10,0) -> 0 | P39: =O39*E39 -> 0 | Q39: =VLOOKUP($B39,BOM!$A$2:$K$94,9,0) -> 0
C40: Oulet | O40: =VLOOKUP($B40,BOM!$A$2:$K$94,10,0) -> 0 | P40: =O40*E40 -> 0 | Q40: =VLOOKUP($B40,BOM!$A$2:$K$94,9,0) -> 0
B41: 272368-1 | C41: COMMSCOPE/ AMP US Style Low Profile Faceplate, 1-Port Shuttered, w/Label & Icon, Almond | D41: Cái | E41: =E42 -> 0 | K41: Thái Lan | L41: 8 tuần | M41: Commscope | N41: Cái | O41: =VLOOKUP($B41,BOM!$A$2:$K$94,10,0) -> 0 | P41: =O41*E41 -> 0 | Q41: =VLOOKUP($B41,BOM!$A$2:$K$94,9,0) -> Cái
B42: NSP-USMB | C42: Đế sâu 60mm cho jack Cat6A FTP | D42: Cái | E42: =G40+H40 -> 0 | K42: VN | L42: 8 tuần | M42: VN | N42: Cái | O42: =VLOOKUP($B42,BOM!$A$2:$K$94,10,0) -> 0 | P42: =O42*E42 -> 0 | Q42: =VLOOKUP($B42,BOM!$A$2:$K$94,9,0) -> Cái
B43: 2153449-1 | C43: NetConnect® SLX Jack, Category 6A, S/FTP, without Dust Cover, Almond | D43: Cái | E43: =E41 -> 0 | K43: MX | L43: 8 tuần | M43: Commscope | N43: Cái | O43: =VLOOKUP($B43,BOM!$A$2:$K$94,10,0) -> 0 | P43: =O43*E43 -> 0 | Q43: =VLOOKUP($B43,BOM!$A$2:$K$94,9,0) -> Cái
C44: Đấu nối cho Camera-wifi-và các thiết bị gắn trần | O44: =VLOOKUP($B44,BOM!$A$2:$K$94,10,0) -> 0 | P44: =O44*E44 -> 0 | Q44: =VLOOKUP($B44,BOM!$A$2:$K$94,9,0) -> 0
B45: 5-1933433-3 | C45: KIT,8P,MP,.310 ,CAT6/6A,SHIELDED, 100PC | D45: Cái | E45: =H44 -> 0 | K45: CN | L45: 8 tuần | M45: Commscope | N45: Cái | O45: =VLOOKUP($B45,BOM!$A$2:$K$94,10,0) -> 0 | P45: =O45*E45 -> 0 | Q45: =VLOOKUP($B45,BOM!$A$2:$K$94,9,0) -> Cái
B46: 1933943-2 | C46: BOOT, HOODED, 0.310 GRAY | D46: Cái | E46: =E45 -> 0 | K46: CN | L46: 8 tuần | M46: Commscope | N46: Cái | O46: =VLOOKUP($B46,BOM!$A$2:$K$94,10,0) -> 0 | P46: =O46*E46 -> 0 | Q46: =VLOOKUP($B46,BOM!$A$2:$K$94,9,0) -> Cái
C47: dây nhảy | O47: =VLOOKUP($B47,BOM!$A$2:$K$94,10,0) -> 0 | P47: =O47*E47 -> 0 | Q47: =VLOOKUP($B47,BOM!$A$2:$K$94,9,0) -> 0
B48: NPC6ASZDB-WT003M | C48: NetConnect® Patch cord, Category 6A, 4pair, Stranded S/FTP, LSZH, White, 3 m | D48: sợi | K48: CN | L48: 8 tuần | M48: Commscope | N48: Sợi | O48: =VLOOKUP($B48,BOM!$A$2:$K$94,10,0) -> 0 | P48: =O48*E48 -> 0 | Q48: =VLOOKUP($B48,BOM!$A$2:$K$94,9,0) -> Sợi
B49: NPC6ASZDB-WT003M | C49: NetConnect® Patch cord, Category 6A, 4pair, Stranded S/FTP, LSZH, White, 3 m | D49: sợi | K49: CN | L49: 8 tuần | M49: Commscope | N49: Sợi | O49: =VLOOKUP($B49,BOM!$A$2:$K$94,10,0) -> 0 | P49: =O49*E49 -> 0 | Q49: =VLOOKUP($B49,BOM!$A$2:$K$94,9,0) -> Sợi
C50: Labor fee: Installation, T&C | O50: =VLOOKUP($B50,BOM!$A$2:$K$94,10,0) -> 0 | P50: =O50*E50 -> 0 | Q50: =VLOOKUP($B50,BOM!$A$2:$K$94,9,0) -> 0
B51: SRV-UPSINST | C51: SRV-UPSINST | E51: =E37 -> 0 | N51: bộ | O51: =VLOOKUP($B51,BOM!$A$2:$K$94,10,0) -> 0 | P51: =O51*E51 -> 0 | Q51: =VLOOKUP($B51,BOM!$A$2:$K$94,9,0) -> bộ
B52: THICONG12 | C52: Phí test report cáp mạng cat 6 | D52: node | E52: =E49+E48 -> 0 | M52: Fluke | N52: node | O52: =VLOOKUP($B52,BOM!$A$2:$K$94,10,0) -> 0 | P52: =O52*E52 -> 0 | Q52: =VLOOKUP($B52,BOM!$A$2:$K$94,9,0) -> node
B53: THICONG10 | C53: Phí thi công test report cáp quang chưa bao gồm chi phi Thang, dàn giáo, xe nâng nếu có | D53: sợi | E53: =E13 -> 0 | M53: Fluke | N53: sợi | O53: =VLOOKUP($B53,BOM!$A$2:$K$94,10,0) -> 0 | P53: =O53*E53 -> 0 | Q53: =VLOOKUP($B53,BOM!$A$2:$K$94,9,0) -> sợi
B54: THICONG09 | C54: Phí thi công hàn cáp quang chưa bao gồm chi phi Thang, dàn giáo, xe nâng nếu có | D54: đầu | E54: =E14*2 -> 0 | M54: NSP | N54: đầu | O54: =VLOOKUP($B54,BOM!$A$2:$K$94,10,0) -> 0 | P54: =O54*E54 -> 0 | Q54: =VLOOKUP($B54,BOM!$A$2:$K$94,9,0) -> đầu
B55: THICONG11 | C55: Phí thi công đấu nối cáp đồng cat 6, patch panel, lắp tủ rack, cắm dây nhảy,bó cáp,làm gọn cáp chưa bao gồm chi phi Thang, dàn giáo, xe nâng nếu có | D55: cái | E55: =E19 -> 0 | M55: NSP | N55: cái | O55: =VLOOKUP($B55,BOM!$A$2:$K$94,10,0) -> 0 | P55: =O55*E55 -> 0 | Q55: =VLOOKUP($B55,BOM!$A$2:$K$94,9,0) -> cái
A56: 1 | C56: IDF 1 SECURITY ROOM | D56: set | E56: 1 | G56: 84 | H56: 156 | J56: =SUBTOTAL(9,J59:J83) -> 20 | O56: =VLOOKUP($B56,BOM!$A$2:$K$94,10,0) -> 0 | P56: =O56*E56 -> 0 | Q56: =VLOOKUP($B56,BOM!$A$2:$K$94,9,0) -> 0
C57: CABINET | D57: set | E57: 1 | O57: =VLOOKUP($B57,BOM!$A$2:$K$94,10,0) -> 0 | P57: =O57*E57 -> 0 | Q57: =VLOOKUP($B57,BOM!$A$2:$K$94,9,0) -> 0
B58: VRS48-8120 | C58: VRS42-8120 : Tủ chứa máy chủ dòng S, 42U, 800mm x 1200mm, màu đen | E58: 1 | L58: 4 tuần | M58: Vietrack | N58: Cái | O58: =VLOOKUP($B58,BOM!$A$2:$K$94,10,0) -> 0 | P58: =O58*E58 -> 0
B59: VRMV48-1F | C59: VRMV48-1F : Thanh quản lý cáp dọc, 48U, dạng đơn, màu đen | E59: 2 | L59: 4 tuần | M59: Vietrack | N59: Cái | O59: =VLOOKUP($B59,BOM!$A$2:$K$94,10,0) -> 0 | P59: =O59*E59 -> 0
B60: VRP124-MCB32 | C60: Rack Power Distribution Unit, 24 Universal Outlets, 32A, 250V, MCB | D60: CN | E60: 2 | L60: 8 tuần | M60: Vietrack | N60: Cái | O60: =VLOOKUP($B60,BOM!$A$2:$K$94,10,0) -> 0 | P60: =O60*E60 -> 0
C61: ODF | D61: set | E61: 1 | G61: =ROUNDUP(G56/24,0) -> 4 | H61: =ROUNDUP(H56/24,0) -> 7 | O61: =VLOOKUP($B61,BOM!$A$2:$K$94,10,0) -> 0 | P61: =O61*E61 -> 0 | Q61: =VLOOKUP($B61,BOM!$A$2:$K$94,9,0) -> 0
B62: 760249997 | C62: EPX-1U-PNL-ENC | D62: Cái | E62: =ROUNDUP((E64+E68)/3,0) -> 4 | J62: =E62 -> 4 | K62: CN | L62: 8 tuần | M62: Commscope | N62: Cái | O62: =VLOOKUP($B62,BOM!$A$2:$K$94,10,0) -> 0 | P62: =O62*E62 -> 0 | Q62: =VLOOKUP($B62,BOM!$A$2:$K$94,9,0) -> Cái
B63: 760241378 | C63: CommScope® 48 Fibers Slicing Tray Kit | D63: Cái | E63: =IF(E64<=2,1,ROUNDUP(E62*1.5,0)) -> 6 | K63: CN | L63: 8 tuần | M63: Commscope | N63: Cái | O63: =VLOOKUP($B63,BOM!$A$2:$K$94,10,0) -> 0 | P63: =O63*E63 -> 0 | Q63: =VLOOKUP($B63,BOM!$A$2:$K$94,9,0) -> Cái
B64: EK5809-001 | C64: CommScope® 1000-type Adapter Plate 12 LC/UPC Duplex SM, Blue | D64: Cái | E64: =G61 -> 4 | K64: CN | L64: 8 tuần | M64: Commscope | N64: Cái | O64: =VLOOKUP($B64,BOM!$A$2:$K$94,10,0) -> 0 | P64: =O64*E64 -> 0 | Q64: =VLOOKUP($B64,BOM!$A$2:$K$94,9,0) -> Cái
B65: EM2454-001 | C65: ADAPTER PLATE BLANK ASSY | D65: Cái | E65: =E62*3-E64-E68 -> 1 | K65: CN | L65: 8 tuần | M65: Commscope | N65: Cái | O65: =VLOOKUP($B65,BOM!$A$2:$K$94,10,0) -> 0 | P65: =O65*E65 -> 0 | Q65: =VLOOKUP($B65,BOM!$A$2:$K$94,9,0) -> Cái
B66: 2105081-2 | C66: LC TO LC 0.9mm SM LSZH 2M | D66: sợi | E66: =G56/2 -> 42 | K66: CN | L66: 8 tuần | M66: Commscope | N66: Sợi | O66: =VLOOKUP($B66,BOM!$A$2:$K$94,10,0) -> 0 | P66: =O66*E66 -> 0 | Q66: =VLOOKUP($B66,BOM!$A$2:$K$94,9,0) -> Sợi
B67: 2105028-3 | C67: COMMSCOPE/ AMP Fiber Optic Cable Assembly, Duplex LC, OS2, 3m | D67: sợi | E67: =ROUNDUP((E73+E77)*1.3,0) -> 8 | K67: CN | L67: 8 tuần | M67: Commscope | N67: Sợi | O67: =VLOOKUP($B67,BOM!$A$2:$K$94,10,0) -> 0 | P67: =O67*E67 -> 0 | Q67: =VLOOKUP($B67,BOM!$A$2:$K$94,9,0) -> Sợi
B68: EK5808-001 | C68: ADAPTER PLATE ASSY 12 LC DUP AQUA | D68: Cái | E68: =H61 -> 7 | K68: CN | L68: 8 tuần | M68: Commscope | N68: Sợi | O68: =VLOOKUP($B68,BOM!$A$2:$K$94,10,0) -> 0 | P68: =O68*E68 -> 0 | Q68: =VLOOKUP($B68,BOM!$A$2:$K$94,9,0) -> Cái
B69: 2105061-3 | C69: LC TO LC 1.8mm OM4 DPX LSZH AND OFNR 3M | D69: sợi | E69: =ROUNDUP((E73+E77)*1.3,0) -> 8 | K69: CN | L69: 8 tuần | M69: Commscope | N69: Sợi | O69: =VLOOKUP($B69,BOM!$A$2:$K$94,10,0) -> 0 | P69: =O69*E69 -> 0 | Q69: =VLOOKUP($B69,BOM!$A$2:$K$94,9,0) -> Cái
B70: 2105084-2 | C70: LC TO LC 0.9mm OM4 LSZH 2M | D70: sợi | E70: =H56/2 -> 78 | K70: CN | L70: 8 tuần | M70: Commscope | N70: Sợi | O70: =VLOOKUP($B70,BOM!$A$2:$K$94,10,0) -> 0 | P70: =O70*E70 -> 0 | Q70: =VLOOKUP($B70,BOM!$A$2:$K$94,9,0) -> Cái
C71: Core switch | D71: set | E71: 2 | O71: =VLOOKUP($B71,BOM!$A$2:$K$94,10,0) -> 0 | P71: =O71*E71 -> 0 | Q71: =VLOOKUP($B71,BOM!$A$2:$K$94,9,0) -> 0
B72: JL658A | C72: HPE Aruba Networking CX 6300M 24p SFP+ LRM support and 2p 50G and 2p 25G MACSec Switch HR4C2E :Aruba 3Y FC NBD Exch 6300M 24SFP SVC [for JL658A] HPE Aruba Networking X371 12VDC 250W 100-240VAC Power Supply qty 2 HPE Aruba Networking Central Switch Class-3 Foundation 3-year Subscription E-STU | D72: cái | E72: 2 | J72: =E72 -> 2 | K72: Asia | L72: 6-8 tuần | M72: HPE Aruba | N72: cái | O72: =VLOOKUP($B72,BOM!$A$2:$K$94,10,0) -> 0 | P72: =O72*E72 -> 0 | Q72: =VLOOKUP($B72,BOM!$A$2:$K$94,9,0) -> Bộ
B73: S2P34A | C73: HPE Aruba Networking 25G SFP28 LC LR 10km SMF C-class Transceiver | D73: cái | E73: 2 | K73: Asia | L73: 6-8 tuần | M73: HPE Aruba | N73: cái | O73: =VLOOKUP($B73,BOM!$A$2:$K$94,10,0) -> 0 | P73: =O73*E73 -> 0 | Q73: =VLOOKUP($B73,BOM!$A$2:$K$94,9,0) -> cái
B74: R0M46A | C74: HPE Aruba Networking 50G SFP56 to SFP56 0.65m Direct Attach Copper Cable | E74: 2 | K74: Asia | L74: 6-8 tuần | M74: HPE Aruba | O74: =VLOOKUP($B74,BOM!$A$2:$K$94,10,0) -> 0 | P74: =O74*E74 -> 0 | Q74: =VLOOKUP($B74,BOM!$A$2:$K$94,9,0) -> 0
C75: Switch POE 24 Ports for DATA | D75: set | E75: 2 | O75: =VLOOKUP($B75,BOM!$A$2:$K$94,10,0) -> 0 | P75: =O75*E75 -> 0 | Q75: =VLOOKUP($B75,BOM!$A$2:$K$94,9,0) -> 0
B76: JL662A | C76: JL662A HPE Aruba Networking CX 6300M 24-port 1GbE Class4 PoE and 4-port SFP56 Switch HR5H6E Aruba 3Y FC NBD Exch 6300M 24 PoE SVC [for JL662A] JL086A HPE Aruba Networking X372 54VDC 680W 100-240VAC Power Supply JL086A ABB INCLUDED: Power Cord - Europe localization Q9Y79AAE HPE Aruba Networking Central Switch Class-3 Foundation 3-year Subscription E-STU | E76: 2 | J76: =E76 -> 2 | K76: Asia | L76: 6-8 tuần | M76: HPE Aruba | N76: cái | O76: =VLOOKUP($B76,BOM!$A$2:$K$94,10,0) -> 0 | P76: =O76*E76 -> 0 | Q76: =VLOOKUP($B76,BOM!$A$2:$K$94,9,0) -> cái
B77: J9283D | C77: HPE Aruba Networking 10G SFP+ to SFP+ 3m Direct Attach Copper Cable | E77: 4 | K77: Asia | L77: 6-8 tuần | M77: HPE Aruba | N77: cái | O77: =VLOOKUP($B77,BOM!$A$2:$K$94,10,0) -> 0 | P77: =O77*E77 -> 0 | Q77: =VLOOKUP($B77,BOM!$A$2:$K$94,9,0) -> cái
C78: Patch panel | D78: set | E78: 1 | O78: =VLOOKUP($B78,BOM!$A$2:$K$94,10,0) -> 0 | P78: =O78*E78 -> 0 | Q78: =VLOOKUP($B78,BOM!$A$2:$K$94,9,0) -> 0
B79: 760237046 | C79: CPP-SDDM-SL-1U-24: CommScope® SL DDM Patch Panel, STP, 1U, 24 port, Straight, Unload | D79: Cái | E79: =E76+E72 -> 4 | J79: =E79 -> 4 | K79: CN | L79: 8 tuần | M79: Commscope | N79: Cái | O79: =VLOOKUP($B79,BOM!$A$2:$K$94,10,0) -> 0 | P79: =O79*E79 -> 0 | Q79: =VLOOKUP($B79,BOM!$A$2:$K$94,9,0) -> Cái
B80: 2153449-2 | C80: NetConnect® SLX Jack, Category 6A, S/FTP, without Dust Cover, Black | D80: Cái | E80: =E79*24 -> 96 | K80: MX | L80: 8 tuần | M80: Commscope | N80: Cái | O80: =VLOOKUP($B80,BOM!$A$2:$K$94,10,0) -> 0 | P80: =O80*E80 -> 0 | Q80: =VLOOKUP($B80,BOM!$A$2:$K$94,9,0) -> Cái
B81: VRMH01-1F | C81: Horizontal Cable Management 1U, Finger Duct, Black | D81: Cái | E81: =E79 -> 4 | J81: =E81 -> 4 | K81: CN | L81: 8 tuần | M81: Vietrack | N81: Cái | O81: =VLOOKUP($B81,BOM!$A$2:$K$94,10,0) -> 0 | P81: =O81*E81 -> 0 | Q81: =VLOOKUP($B81,BOM!$A$2:$K$94,9,0) -> Cái
C82: UPS 3kVA - backup 15 min | D82: set | E82: 1 | O82: =VLOOKUP($B82,BOM!$A$2:$K$94,10,0) -> 0 | P82: =O82*E82 -> 0 | Q82: =VLOOKUP($B82,BOM!$A$2:$K$94,9,0) -> 0
B83: SRT10KRMXLI | C83: APC Smart UPS SRT10KRMXLIT-IEC UPS Battery Set (Replacement) | D83: set | E83: 1 | J83: 4 | L83: 8 tuần | M83: Vietrack | N83: Cái | O83: =VLOOKUP($B83,BOM!$A$2:$K$94,10,0) -> 0 | P83: =O83*E83 -> 0
B84: SRT192RMBP2 | C84: External battery lưu điện 15 phút 8kw | D84: set | E84: 1 | J84: 4 | L84: 8 tuần | M84: Vietrack | N84: Cái | O84: =VLOOKUP($B84,BOM!$A$2:$K$94,10,0) -> 0 | P84: =O84*E84 -> 0
O85: =VLOOKUP($B85,BOM!$A$2:$K$94,10,0) -> 0 | P85: =O85*E85 -> 0
C86: Accessory: Fan, socket outlet; Patch cord, Pigtail…. | D86: set | E86: 1 | O86: =VLOOKUP($B86,BOM!$A$2:$K$94,10,0) -> 0 | P86: =O86*E86 -> 0 | Q86: =VLOOKUP($B86,BOM!$A$2:$K$94,9,0) -> 0
C87: Oulet | G87: 35 | O87: =VLOOKUP($B87,BOM!$A$2:$K$94,10,0) -> 0 | P87: =O87*E87 -> 0 | Q87: =VLOOKUP($B87,BOM!$A$2:$K$94,9,0) -> 0
B88: 272368-1 | C88: COMMSCOPE/ AMP US Style Low Profile Faceplate, 1-Port Shuttered, w/Label & Icon, Almond | D88: Cái | E88: =E89 -> 35 | K88: Thái Lan | L88: 8 tuần | M88: Commscope | N88: Cái | O88: =VLOOKUP($B88,BOM!$A$2:$K$94,10,0) -> 0 | P88: =O88*E88 -> 0 | Q88: =VLOOKUP($B88,BOM!$A$2:$K$94,9,0) -> Cái
B89: NSP-USMB | C89: Đế sâu 60mm cho jack Cat6A FTP | D89: Cái | E89: =G87+H87 -> 35 | K89: VN | L89: 8 tuần | M89: VN | N89: Cái | O89: =VLOOKUP($B89,BOM!$A$2:$K$94,10,0) -> 0 | P89: =O89*E89 -> 0 | Q89: =VLOOKUP($B89,BOM!$A$2:$K$94,9,0) -> Cái
B90: 2153449-1 | C90: NetConnect® SLX Jack, Category 6A, S/FTP, without Dust Cover, Almond | D90: Cái | E90: =E89 -> 35 | K90: MX | L90: 8 tuần | M90: Commscope | N90: Cái | O90: =VLOOKUP($B90,BOM!$A$2:$K$94,10,0) -> 0 | P90: =O90*E90 -> 0 | Q90: =VLOOKUP($B90,BOM!$A$2:$K$94,9,0) -> Cái
C91: Đấu nối cho Camera-wifi-và các thiết bị gắn trần | G91: 6 | O91: =VLOOKUP($B91,BOM!$A$2:$K$94,10,0) -> 0 | P91: =O91*E91 -> 0 | Q91: =VLOOKUP($B91,BOM!$A$2:$K$94,9,0) -> 0
B92: 5-1933433-3 | C92: KIT,8P,MP,.310 ,CAT6/6A,SHIELDED, 100PC | D92: Cái | E92: =G91+H91 -> 6 | K92: CN | L92: 8 tuần | M92: Commscope | N92: Cái | O92: =VLOOKUP($B92,BOM!$A$2:$K$94,10,0) -> 0 | P92: =O92*E92 -> 0 | Q92: =VLOOKUP($B92,BOM!$A$2:$K$94,9,0) -> Cái
B93: 1933943-2 | C93: BOOT, HOODED, 0.310 GRAY | D93: Cái | E93: =E92 -> 6 | K93: CN | L93: 8 tuần | M93: Commscope | N93: Cái | O93: =VLOOKUP($B93,BOM!$A$2:$K$94,10,0) -> 0 | P93: =O93*E93 -> 0 | Q93: =VLOOKUP($B93,BOM!$A$2:$K$94,9,0) -> Cái
C94: dây nhảy | O94: =VLOOKUP($B94,BOM!$A$2:$K$94,10,0) -> 0 | P94: =O94*E94 -> 0 | Q94: =VLOOKUP($B94,BOM!$A$2:$K$94,9,0) -> 0
B95: NPC6ASZDB-WT002M | C95: NetConnect® Patch cord, Category 6A, 4pair, Stranded S/FTP, LSZH, White, 2 m | D95: sợi | E95: =E88+E92+1 -> 42 | L95: 8 tuần | M95: Commscope | N95: Sợi | O95: =VLOOKUP($B95,BOM!$A$2:$K$94,10,0) -> 0 | P95: =O95*E95 -> 0 | Q95: =VLOOKUP($B95,BOM!$A$2:$K$94,9,0) -> Sợi
B96: NPC6ASZDB-WT002M | C96: NetConnect® Patch cord, Category 6A, 4pair, Stranded S/FTP, LSZH, White, 2 m | D96: sợi | E96: =ROUNDUP(E95*0.2,0) -> 9 | K96: CN | L96: 8 tuần | M96: Commscope | N96: Sợi | O96: =VLOOKUP($B96,BOM!$A$2:$K$94,10,0) -> 0 | P96: =O96*E96 -> 0 | Q96: =VLOOKUP($B96,BOM!$A$2:$K$94,9,0) -> Sợi
C97: Labor fee: Installation, T&C | O97: =VLOOKUP($B97,BOM!$A$2:$K$94,10,0) -> 0 | P97: =O97*E97 -> 0 | Q97: =VLOOKUP($B97,BOM!$A$2:$K$94,9,0) -> 0
B98: SRV-UPSINST | C98: SRV-UPSINST | D98: bộ | E98: =E83 -> 1 | N98: bộ | O98: =VLOOKUP($B98,BOM!$A$2:$K$94,10,0) -> 0 | P98: =O98*E98 -> 0 | Q98: =VLOOKUP($B98,BOM!$A$2:$K$94,9,0) -> bộ
B99: THICONG12 | C99: Phí test report cáp mạng cat 6 | D99: node | E99: =E96+E95 -> 51 | M99: Fluke | N99: node | O99: =VLOOKUP($B99,BOM!$A$2:$K$94,10,0) -> 0 | P99: =O99*E99 -> 0 | Q99: =VLOOKUP($B99,BOM!$A$2:$K$94,9,0) -> node
B100: THICONG10 | C100: Phí thi công test report cáp quang chưa bao gồm chi phi Thang, dàn giáo, xe nâng nếu có | D100: sợi | E100: =E66+E70 -> 120 | M100: Fluke | N100: sợi | O100: =VLOOKUP($B100,BOM!$A$2:$K$94,10,0) -> 0 | P100: =O100*E100 -> 0 | Q100: =VLOOKUP($B100,BOM!$A$2:$K$94,9,0) -> sợi
...

Sheet BOM
A1: PN | B1: MÔ TẢ | D1: Xuất xứ | E1: đặt hàng | F1: NHÀ SX | H1: SL Mới | I1: ĐVT | M1: CCTV | P1: Tel+data
B2: Oulet
A3: 272368-1 | B3: COMMSCOPE/ AMP US Style Low Profile Faceplate, 1-Port Shuttered, w/Label & Icon, Almond | C3: Outlet, can combie to socket | D3: Thái Lan | E3: 8 tuần | F3: Commscope | I3: Cái | M3: =SUMIF(CCTV!B:B,A3,CCTV!E:E) -> 0 | N3: =M3*J3 -> 0 | P3: =SUMIF('data-tel '!B:B,A3,'data-tel '!E:E) -> 153 | Q3: =P3*J3 -> 0 | R3: =J3*P3 -> 0
A4: NSP-USMB | B4: Đế sâu 60mm cho jack Cat6A FTP | C4: đế | D4: VN | E4: 8 tuần | F4: VN | I4: Cái | M4: =SUMIF(CCTV!B:B,A4,CCTV!E:E) -> 0 | N4: =M4*J4 -> 0 | P4: =SUMIF('data-tel '!B:B,A4,'data-tel '!E:E) -> 153 | Q4: =P4*J4 -> 0 | R4: =J4*P4 -> 0
A5: 2153449-1 | B5: NetConnect® SLX Jack, Category 6A, S/FTP, without Dust Cover, Almond | C5: Modular Jack, RJ45, Cat6A Shielded | D5: MX | E5: 8 tuần | F5: Commscope | I5: Cái | M5: =SUMIF(CCTV!B:B,A5,CCTV!E:E) -> 0 | N5: =M5*J5 -> 0 | P5: =SUMIF('data-tel '!B:B,A5,'data-tel '!E:E) -> 153 | Q5: =P5*J5 -> 0 | R5: =J5*P5 -> 0
B6: Đấu nối cho Camera-wifi-và các thiết bị gắn trần | H6: =M6+P6 -> 0 | M6: =SUMIF(CCTV!B:B,A6,CCTV!E:E) -> 0 | N6: =M6*J6 -> 0 | P6: =SUMIF('data-tel '!B:B,A6,'data-tel '!E:E) -> 0 | Q6: =P6*J6 -> 0 | R6: =J6*P6 -> 0
A7: NPC6ASZDB-WT002M | B7: NetConnect® Patch cord, Category 6A, 4pair, Stranded S/FTP, LSZH, White, 2 m | C7: Patch cord | D7: CN | E7: 8 tuần | F7: Commscope | G7: 910 | H7: =M7+P7+25 -> 910 | I7: Sợi | M7: =SUMIF(CCTV!B:B,A7,CCTV!E:E) -> 545 | N7: =M7*J7 -> 0 | P7: =SUMIF('data-tel '!B:B,A7,'data-tel '!E:E) -> 340 | Q7: =P7*J7 -> 0 | R7: =J7*P7 -> 0
A8: 5-1933433-3 | B8: KIT,8P,MP,.310 ,CAT6/6A,SHIELDED, 100PC | C8: Cos mạng | D8: CN | E8: 8 tuần | F8: Commscope | G8: 609 | H8: =M8+P8 -> 609 | I8: Cái | M8: =SUMIF(CCTV!B:B,A8,CCTV!E:E) -> 488 | N8: =M8*J8 -> 0 | P8: =SUMIF('data-tel '!B:B,A8,'data-tel '!E:E) -> 121 | Q8: =P8*J8 -> 0 | R8: =J8*P8 -> 0
A9: 1933943-2 | B9: BOOT, HOODED, 0.310 GRAY | C9: Miếng nhưa cover cos mạng | D9: Cái | E9: CN | F9: 8 tuần | G9: 609 | H9: =M9+P9 -> 609 | I9: Cái | M9: =SUMIF(CCTV!B:B,A9,CCTV!E:E) -> 488 | N9: =M9*J9 -> 0 | P9: =SUMIF('data-tel '!B:B,A9,'data-tel '!E:E) -> 121 | Q9: =P9*J9 -> 0 | R9: =J9*P9 -> 0
A10: 760249003 | B10: Crimp Tool 8P, Sentinel 900020 | C10: Kiềm Bấm | E10: 8 tuần | F10: Commscope | G10: 1 | H10: =M10+P10 -> 1 | I10: Cái | M10: =SUMIF(CCTV!B:B,A10,CCTV!E:E) -> 0 | N10: =M10*J10 -> 0 | P10: =SUMIF('data-tel '!B:B,A10,'data-tel '!E:E) -> 1 | Q10: =P10*J10 -> 0 | R10: =J10*P10 -> 0
B11: dây nhảy | H11: =M11+P11 -> 0 | M11: =SUMIF(CCTV!B:B,A11,CCTV!E:E) -> 0 | N11: =M11*J11 -> 0 | P11: =SUMIF('data-tel '!B:B,A11,'data-tel '!E:E) -> 0 | Q11: =P11*J11 -> 0 | R11: =J11*P11 -> 0
A12: NPC6ASZDB-WT003M | B12: NetConnect® Patch cord, Category 6A, 4pair, Stranded S/FTP, LSZH, White, 3 m | C12: Patch cord | E12: 8 tuần | F12: Commscope | G12: 300 | H12: =M12+P12+31 -> 300 | I12: Sợi | M12: =SUMIF(CCTV!B:B,A12,CCTV!E:E) -> 167 | N12: =M12*J12 -> 0 | P12: =SUMIF('data-tel '!B:B,A12,'data-tel '!E:E) -> 102 | Q12: =P12*J12 -> 0 | R12: =J12*P12 -> 0
B13: ODF | H13: =M13+P13 -> 0 | M13: =SUMIF(CCTV!B:B,A13,CCTV!E:E) -> 0 | N13: =M13*J13 -> 0 | P13: =SUMIF('data-tel '!B:B,A13,'data-tel '!E:E) -> 0 | Q13: =P13*J13 -> 0 | R13: =J13*P13 -> 0
A14: 760249997 | B14: EPX-1U-PNL-ENC | C14: ODF | D14: CN | E14: 8 tuần | F14: Commscope | G14: 57 | H14: =M14+P14 -> 57 | I14: Cái | M14: =SUMIF(CCTV!B:B,A14,CCTV!E:E) -> 29 | N14: =M14*J14 -> 0 | P14: =SUMIF('data-tel '!B:B,A14,'data-tel '!E:E) -> 28 | Q14: =P14*J14 -> 0 | R14: =J14*P14 -> 0
A15: 760241378 | B15: CommScope® 48 Fibers Slicing Tray Kit | C15: Fiber Optic Splice Tray Kit | D15: CN | E15: 8 tuần | F15: Commscope | G15: 63 | H15: =M15+P15 -> 63 | I15: Cái | M15: =SUMIF(CCTV!B:B,A15,CCTV!E:E) -> 31 | N15: =M15*J15 -> 0 | P15: =SUMIF('data-tel '!B:B,A15,'data-tel '!E:E) -> 32 | Q15: =P15*J15 -> 0 | R15: =J15*P15 -> 0
A16: EK5809-001 | B16: CommScope® 1000-type Adapter Plate 12 LC/UPC Duplex SM, Blue | C16: 1000-Type Adapter Pack with 12 LC duplex SM adapters | D16: CN | E16: 8 tuần | F16: Commscope | G16: 57 | H16: =M16+P16 -> 57 | I16: Cái | M16: =SUMIF(CCTV!B:B,A16,CCTV!E:E) -> 35 | N16: =M16*J16 -> 0 | P16: =SUMIF('data-tel '!B:B,A16,'data-tel '!E:E) -> 22 | Q16: =P16*J16 -> 0 | R16: =J16*P16 -> 0
A17: EK5808-001 | B17: ADAPTER PLATE ASSY 12 LC DUP AQUA | C17: ??? | D17: CN | E17: 8 tuần | F17: Commscope | G17: 23 | H17: =M17+P17 -> 23 | I17: Cái | M17: =SUMIF(CCTV!B:B,A17,CCTV!E:E) -> 0 | N17: =M17*J17 -> 0 | P17: =SUMIF('data-tel '!B:B,A17,'data-tel '!E:E) -> 23 | Q17: =P17*J17 -> 0 | R17: =J17*P17 -> 0
A18: EM2454-001 | B18: ADAPTER PLATE BLANK ASSY | C18: blank, black | D18: CN | E18: 8 tuần | F18: Commscope | G18: 91 | H18: =M18+P18 -> 91 | I18: Cái | M18: =SUMIF(CCTV!B:B,A18,CCTV!E:E) -> 52 | N18: =M18*J18 -> 0 | P18: =SUMIF('data-tel '!B:B,A18,'data-tel '!E:E) -> 39 | Q18: =P18*J18 -> 0 | R18: =J18*P18 -> 0
A19: 2105061-3 | B19: LC TO LC 1.8mm OM4 DPX LSZH AND OFNR 3M | C19: Fiber Patch cord | D19: CN | E19: 8 tuần | F19: Commscope | G19: 124 | H19: =M19+P19 -> 124 | I19: Cái | M19: =SUMIF(CCTV!B:B,A19,CCTV!E:E) -> 0 | N19: =M19*J19 -> 0 | P19: =SUMIF('data-tel '!B:B,A19,'data-tel '!E:E) -> 124 | Q19: =P19*J19 -> 0 | R19: =J19*P19 -> 0
A20: 2105084-2 | B20: LC TO LC 0.9mm OM4 LSZH 2M | C20: Fiber Patch cord | D20: CN | E20: 8 tuần | F20: Commscope | G20: 192 | H20: =M20+P20 -> 192 | I20: Cái | M20: =SUMIF(CCTV!B:B,A20,CCTV!E:E) -> 0 | N20: =M20*J20 -> 0 | P20: =SUMIF('data-tel '!B:B,A20,'data-tel '!E:E) -> 192 | Q20: =P20*J20 -> 0 | R20: =J20*P20 -> 0
A21: 2105081-2 | B21: LC TO LC 0.9mm SM LSZH 2M | C21: Fiber Patch cord | D21: CN | E21: 8 tuần | F21: Commscope | G21: 462 | H21: =M21+P21 -> 462 | I21: Sợi | M21: =SUMIF(CCTV!B:B,A21,CCTV!E:E) -> 212 | N21: =M21*J21 -> 0 | P21: =SUMIF('data-tel '!B:B,A21,'data-tel '!E:E) -> 250 | Q21: =P21*J21 -> 0 | R21: =J21*P21 -> 0
A22: 2105028-3 | B22: COMMSCOPE/ AMP Fiber Optic Cable Assembly, Duplex LC, OS2, 3m | C22: Fiber Patch cord | D22: CN | E22: 8 tuần | F22: Commscope | G22: 225 | H22: =M22+P22 -> 225 | I22: Sợi | M22: =SUMIF(CCTV!B:B,A22,CCTV!E:E) -> 119 | N22: =M22*J22 -> 0 | P22: =SUMIF('data-tel '!B:B,A22,'data-tel '!E:E) -> 106 | Q22: =P22*J22 -> 0 | R22: =J22*P22 -> 0
B23: Patch panel | H23: =M23+P23 -> 0 | M23: =SUMIF(CCTV!B:B,A23,CCTV!E:E) -> 0 | N23: =M23*J23 -> 0 | P23: =SUMIF('data-tel '!B:B,A23,'data-tel '!E:E) -> 0 | Q23: =P23*J23 -> 0 | R23: =J23*P23 -> 0
A24: 760237046 | B24: CPP-SDDM-SL-1U-24: CommScope® SL DDM Patch Panel, STP, 1U, 24 port, Straight, Unload | C24: Patch Panel | D24: CN | E24: 8 tuần | F24: Commscope | G24: 66 | H24: =M24+P24 -> 66 | I24: Cái | M24: =SUMIF(CCTV!B:B,A24,CCTV!E:E) -> 39 | N24: =M24*J24 -> 0 | P24: =SUMIF('data-tel '!B:B,A24,'data-tel '!E:E) -> 27 | Q24: =P24*J24 -> 0 | R24: =J24*P24 -> 0
A25: 2153449-2 | B25: NetConnect® SLX Jack, Category 6A, S/FTP, without Dust Cover, Black | C25: Cos mạng | D25: MX | E25: 8 tuần | F25: Commscope | G25: 1584 | H25: =M25+P25 -> 1584 | I25: Cái | M25: =SUMIF(CCTV!B:B,A25,CCTV!E:E) -> 936 | N25: =M25*J25 -> 0 | P25: =SUMIF('data-tel '!B:B,A25,'data-tel '!E:E) -> 648 | Q25: =P25*J25 -> 0 | R25: =J25*P25 -> 0
A26: VRMH01-1F | B26: Horizontal Cable Management 1U, Finger Duct, Black | C26: thanh ngang | D26: CN | E26: 8 tuần | F26: Vietrack | G26: 66 | H26: =M26+P26 -> 66 | I26: Cái | M26: =SUMIF(CCTV!B:B,A26,CCTV!E:E) -> 39 | N26: =M26*J26 -> 0 | P26: =SUMIF('data-tel '!B:B,A26,'data-tel '!E:E) -> 27 | Q26: =P26*J26 -> 0 | R26: =J26*P26 -> 0
B27: UPS | H27: =M27+P27 -> 0 | M27: =SUMIF(CCTV!B:B,A27,CCTV!E:E) -> 0 | N27: =M27*J27 -> 0 | P27: =SUMIF('data-tel '!B:B,A27,'data-tel '!E:E) -> 0 | Q27: =P27*J27 -> 0 | R27: =J27*P27 -> 0
A28: SRV1KIL-E | B28: SRV1KIL-E - APC Easy UPS On-Line, 1000VA/800W, Tower | C28: UPS Tower | D28: CN | E28: 12-14 tuần | F28: schneider APC | I28: Cái | M28: =SUMIF(CCTV!B:B,A28,CCTV!E:E) -> 15 | N28: =M28*J28 -> 0 | P28: =SUMIF('data-tel '!B:B,A28,'data-tel '!E:E) -> 0 | Q28: =P28*J28 -> 0 | R28: =J28*P28 -> 0
A29: SRV2KIL-E | B29: SRV2KIL-E - APC Easy UPS On-Line, 2000VA/1600W, Tower | C29: UPS Tower | D29: CN | E29: 12-14 tuần | F29: schneider APC | I29: Cái | M29: =SUMIF(CCTV!B:B,A29,CCTV!E:E) -> 3 | N29: =M29*J29 -> 0 | P29: =SUMIF('data-tel '!B:B,A29,'data-tel '!E:E) -> 17 | Q29: =P29*J29 -> 0 | R29: =J29*P29 -> 0
A30: SRV3KIL-E | B30: SRV6KIL - APC Easy UPS On-Line, 6kVA/6kW, Tower, 230V | C30: UPS Tower | D30: CN | E30: 12-14 tuần | F30: schneider APC | I30: Cái | M30: =SUMIF(CCTV!B:B,A30,CCTV!E:E) -> 1 | N30: =M30*J30 -> 0 | P30: =SUMIF('data-tel '!B:B,A30,'data-tel '!E:E) -> 2 | Q30: =P30*J30 -> 0 | R30: =J30*P30 -> 0
A31: SRT5KRMXLI | B31: APC Smart-UPS On-Line, 5kVA, Rackmount 2U, 230V, 8x C13+2x C19 IEC outlets, SmartSlot, Extended runtime, W/ rail kit | C31: UPS IDF 1.3 | D31: CN | E31: 12-14 tuần | F31: schneider APC | I31: Cái | M31: =SUMIF(CCTV!B:B,A31,CCTV!E:E) -> 1 | N31: =M31*J31 -> 0 | P31: =SUMIF('data-tel '!B:B,A31,'data-tel '!E:E) -> 0 | Q31: =P31*J31 -> 0 | R31: =J31*P31 -> 0
A32: SURT1000RMXLI | B32: APC Smart-UPS RT 1000VA, 230V, rackmount, 2U, 6x IEC 60320 & 2x IEC Jumpers outlets | C32: rackmount | D32: CN | E32: 12-14 tuần | F32: schneider APC | I32: Cái | M32: =SUMIF(CCTV!B:B,A32,CCTV!E:E) -> 2 | N32: =M32*J32 -> 0 | P32: =SUMIF('data-tel '!B:B,A32,'data-tel '!E:E) -> 0 | Q32: =P32*J32 -> 0 | R32: =J32*P32 -> 0
A33: SRT2200RMXLI | B33: APC Smart-UPS On-Line, 2200VA, Rackmount 2U, 230V, 8x C13+2x C19 IEC outlets, SmartSlot, Extended runtime, W/ rail kit | C33: rackmount | D33: CN | E33: 12-14 tuần | F33: schneider APC | I33: Cái | M33: =SUMIF(CCTV!B:B,A33,CCTV!E:E) -> 1 | N33: =M33*J33 -> 0 | P33: =SUMIF('data-tel '!B:B,A33,'data-tel '!E:E) -> 1 | Q33: =P33*J33 -> 0 | R33: =J33*P33 -> 0
A34: SRT3000RMXLI | B34: APC Smart-UPS On-Line, 3kVA, Rackmount 2U, 230V, 8x C13+2x C19 IEC outlets, SmartSlot, Extended runtime, W/ rail kit | C34: rackmount | D34: CN | E34: 12-14 tuần | F34: schneider APC | I34: Cái | M34: =SUMIF(CCTV!B:B,A34,CCTV!E:E) -> 2 | N34: =M34*J34 -> 0 | P34: =SUMIF('data-tel '!B:B,A34,'data-tel '!E:E) -> 0 | Q34: =P34*J34 -> 0 | R34: =J34*P34 -> 0
A35: SRT96RMBP | B35: External battery lưu điện 20 phút 2700w | D35: CN | E35: 12-14 tuần | F35: schneider APC | I35: Cái | M35: =SUMIF(CCTV!B:B,A35,CCTV!E:E) -> 0 | N35: =M35*J35 -> 0 | P35: =SUMIF('data-tel '!B:B,A35,'data-tel '!E:E) -> 0 | Q35: =P35*J35 -> 0 | R35: =J35*P35 -> 0
A36: AP9544 | B36: Card SNMP cho ups 3kva | D36: CN | E36: 12-14 tuần | F36: schneider APC | I36: Cái | M36: =SUMIF(CCTV!B:B,A36,CCTV!E:E) -> 0 | N36: =M36*J36 -> 0 | P36: =SUMIF('data-tel '!B:B,A36,'data-tel '!E:E) -> 0 | Q36: =P36*J36 -> 0 | R36: =J36*P36 -> 0
A37: SRT10KRMXLI | B37: APC Smart UPS SRT10KRMXLIT-IEC UPS Battery Set (Replacement) | C37: Đã bao gồm card modbus chưa: đã bao gồm tích hợp sẳn | D37: CN | E37: 12-14 tuần | F37: schneider APC | I37: Cái | M37: =SUMIF(CCTV!B:B,A37,CCTV!E:E) -> 0 | N37: =M37*J37 -> 0 | P37: =SUMIF('data-tel '!B:B,A37,'data-tel '!E:E) -> 2 | Q37: =P37*J37 -> 0 | R37: =J37*P37 -> 0
A38: SRT192RMBP2 | B38: External battery lưu điện 15 phút 8kw | D38: CN | E38: 12-14 tuần | F38: schneider APC | I38: Cái | M38: =SUMIF(CCTV!B:B,A38,CCTV!E:E) -> 0 | N38: =M38*J38 -> 0 | P38: =SUMIF('data-tel '!B:B,A38,'data-tel '!E:E) -> 2 | Q38: =P38*J38 -> 0 | R38: =J38*P38 -> 0
A39: SRV-UPSINST | B39: Phí Lắp đặt UPS | G39: 47 | H39: =M39+P39 -> 47 | I39: bộ | M39: =SUMIF(CCTV!B:B,A39,CCTV!E:E) -> 25 | N39: =M39*J39 -> 0 | P39: =SUMIF('data-tel '!B:B,A39,'data-tel '!E:E) -> 22 | Q39: =P39*J39 -> 0 | R39: =J39*P39 -> 0
B40: tủ Rack | H40: =M40+P40 -> 0 | M40: =SUMIF(CCTV!B:B,A40,CCTV!E:E) -> 0 | N40: =M40*J40 -> 0 | P40: =SUMIF('data-tel '!B:B,A40,'data-tel '!E:E) -> 0 | Q40: =P40*J40 -> 0 | R40: =J40*P40 -> 0
A41: ER8822 | B41: Easy Rack 800mm/48U/1200mm with Roof, Side panel,castors,feet and 4 Brackets, No Bottom, black | E41: 12-14 tuần | F41: schneider APC | G41: 2 | H41: =M41+P41 -> 2 | I41: Cái | M41: =SUMIF(CCTV!B:B,A41,CCTV!E:E) -> 0 | N41: =M41*J41 -> 0 | P41: =SUMIF('data-tel '!B:B,A41,'data-tel '!E:E) -> 2 | Q41: =P41*J41 -> 0 | R41: =J41*P41 -> 0
A42: VRP124-MCB32 | B42: Rack Power Distribution Unit, 24 Universal Outlets, 32A, 250V, MCB | D42: CN | E42: 8 tuần | F42: Vietrack | G42: 8 | H42: =M42+P42 -> 8 | I42: Cái | M42: =SUMIF(CCTV!B:B,A42,CCTV!E:E) -> 2 | N42: =M42*J42 -> 0 | P42: =SUMIF('data-tel '!B:B,A42,'data-tel '!E:E) -> 6 | Q42: =P42*J42 -> 0 | R42: =J42*P42 -> 0
A43: ER7VCM48 | B43: Vertical Cable Manager,48U for 800mm W racks | E43: 12-14 tuần | F43: schneider APC | G43: 4 | H43: =M43+P43 -> 4 | I43: Cái | M43: =SUMIF(CCTV!B:B,A43,CCTV!E:E) -> 0 | N43: =M43*J43 -> 0 | P43: =SUMIF('data-tel '!B:B,A43,'data-tel '!E:E) -> 4 | Q43: =P43*J43 -> 0 | R43: =J43*P43 -> 0
A44: VRP106-MCB16 | B44: Rack Power Distribution Unit, 6 Universal Outlets, 16A, 250V, MCB | D44: CN | E44: 8 tuần | F44: Vietrack | G44: 45 | H44: =M44+P44 -> 45 | I44: Cái | M44: =SUMIF(CCTV!B:B,A44,CCTV!E:E) -> 25 | N44: =M44*J44 -> 0 | P44: =SUMIF('data-tel '!B:B,A44,'data-tel '!E:E) -> 20 | Q44: =P44*J44 -> 0 | R44: =J44*P44 -> 0
A45: 0 | B45: 0 | D45: 0 | E45: 0 | F45: 0 | H45: =M45+P45 -> 0 | I45: 0 | M45: =SUMIF(CCTV!B:B,A45,CCTV!E:E) -> 0 | N45: =M45*J45 -> 0 | P45: =SUMIF('data-tel '!B:B,A45,'data-tel '!E:E) -> 0 | Q45: =P45*J45 -> 0 | R45: =J45*P45 -> 0
H46: =M46+P46 -> 0 | M46: =SUMIF(CCTV!B:B,A46,CCTV!E:E) -> 0 | N46: =M46*J46 -> 0 | P46: =SUMIF('data-tel '!B:B,A46,'data-tel '!E:E) -> 0 | Q46: =P46*J46 -> 0 | R46: =J46*P46 -> 0
A47: THICONG12 | B47: Phí test report cáp mạng cat 6 | F47: Fluke | G47: 1062 | H47: =M47+P47 -> 1062 | I47: node | M47: =SUMIF(CCTV!B:B,A47,CCTV!E:E) -> 712 | N47: =M47*J47 -> 0 | P47: =SUMIF('data-tel '!B:B,A47,'data-tel '!E:E) -> 350 | Q47: =P47*J47 -> 0 | R47: =J47*P47 -> 0
A48: THICONG10 | B48: Phí thi công test report cáp quang chưa bao gồm chi phi Thang, dàn giáo, xe nâng nếu có | F48: Fluke | G48: 634 | H48: =M48+P48 -> 634 | I48: sợi | M48: =SUMIF(CCTV!B:B,A48,CCTV!E:E) -> 212 | N48: =M48*J48 -> 0 | P48: =SUMIF('data-tel '!B:B,A48,'data-tel '!E:E) -> 422 | Q48: =P48*J48 -> 0 | R48: =J48*P48 -> 0
A49: THICONG09 | B49: Phí thi công hàn cáp quang chưa bao gồm chi phi Thang, dàn giáo, xe nâng nếu có | F49: NSP | G49: 1308 | H49: =M49+P49 -> 1308 | I49: đầu | M49: =SUMIF(CCTV!B:B,A49,CCTV!E:E) -> 424 | N49: =M49*J49 -> 0 | P49: =SUMIF('data-tel '!B:B,A49,'data-tel '!E:E) -> 884 | Q49: =P49*J49 -> 0 | R49: =J49*P49 -> 0
A50: THICONG11 | B50: Phí thi công đấu nối cáp đồng cat 6, patch panel, lắp tủ rack, cắm dây nhảy,bó cáp,làm gọn cáp chưa bao gồm chi phi Thang, dàn giáo, xe nâng nếu có | F50: NSP | G50: 66 | H50: =M50+P50 -> 66 | I50: cái | M50: =SUMIF(CCTV!B:B,A50,CCTV!E:E) -> 39 | N50: =M50*J50 -> 0 | P50: =SUMIF('data-tel '!B:B,A50,'data-tel '!E:E) -> 27 | Q50: =P50*J50 -> 0 | R50: =J50*P50 -> 0
A51: THICONG13 | B51: Vật tư nhãn siêu dẻo | F51: brother/brandy | G51: 50 | H51: =M51+P51 -> 50 | I51: cuộn | M51: =SUMIF(CCTV!B:B,A51,CCTV!E:E) -> 0 | N51: =M51*J51 -> 0 | P51: =SUMIF('data-tel '!B:B,A51,'data-tel '!E:E) -> 50 | Q51: =P51*J51 -> 0 | R51: =J51*P51 -> 0
A52: THICONG16 | B52: Vật tư dây rút, velcro | F52: asia | G52: 1 | H52: =M52+P52 -> 1 | I52: gói | M52: =SUMIF(CCTV!B:B,A52,CCTV!E:E) -> 0 | N52: =M52*J52 -> 0 | P52: =SUMIF('data-tel '!B:B,A52,'data-tel '!E:E) -> 1 | Q52: =P52*J52 -> 0 | R52: =J52*P52 -> 0
H53: =M53+P53 -> 0 | M53: =SUMIF(CCTV!B:B,A53,CCTV!E:E) -> 0 | N53: =M53*J53 -> 0 | P53: =SUMIF('data-tel '!B:B,A53,'data-tel '!E:E) -> 0 | Q53: =P53*J53 -> 0 | R53: =J53*P53 -> 0
A54: thiết bị | H54: =M54+P54 -> 0 | M54: =SUMIF(CCTV!B:B,A54,CCTV!E:E) -> 0 | N54: =M54*J54 -> 0 | P54: =SUMIF('data-tel '!B:B,A54,'data-tel '!E:E) -> 0 | Q54: =P54*J54 -> 0 | R54: =J54*P54 -> 0
A55: R4H17A | B55: R4H17A HPE Aruba Networking AP-575 (RW) 802.11ax 2x2/4x4 Dual Radio Integrated Omni Antennas Outdoor AP HM1B6E Aruba 3Y FC NBD Exch AP-575 SVC [for R4H17A] JW053A HPE Aruba Networking AP-270-MNT-V2 Outdoor AP Short Arm Pole/Wall Mounting Bracket Q9Y59AAE HPE Aruba Networking Central AP Foundation 3-year Subscription E-STU | C55: wifi outdoor | D55: Asia | E55: 6-8 tuần | F55: HPE Aruba | G55: 54 | H55: =M55+P55 -> 54 | I55: Bộ | M55: =SUMIF(CCTV!B:B,A55,CCTV!E:E) -> 0 | N55: =M55*J55 -> 0 | P55: =SUMIF('data-tel '!B:B,A55,'data-tel '!E:E) -> 54 | Q55: =P55*J55 -> 0 | R55: =J55*P55 -> 0
A56: R6P67A | B56: HPE Aruba Networking AP-POE-ATSR 1-Port Smart Rate 802.3at 30W Midspan Injector Hewlett Packard Enterprise | C56: Bộ nguồn rời POE | D56: Asia | E56: 6-8 tuần | F56: HPE Aruba | G56: 13 | H56: =M56+P56 -> 13 | I56: cái | M56: =SUMIF(CCTV!B:B,A56,CCTV!E:E) -> 0 | N56: =M56*J56 -> 0 | P56: =SUMIF('data-tel '!B:B,A56,'data-tel '!E:E) -> 13 | Q56: =P56*J56 -> 0 | R56: =J56*P56 -> 0
A57: J8177D | B57: HPE Aruba Networking 1G SFP RJ45 T 100m Cat5e Transceiver | C57: Module quang này gắn ở đâu???-> Main Data Rack 2-48U for Router..--> Phần này do hôm trước có 1 file CĐT đưa qua, module này sẽ thêm port đồng cho Core SW để kết nối với các hệ khác dùng port đồng, ví dụ tổng đài, có thể giảm bớt dựa trên số lượng thiết bị cần kết nối đồng, nhờ team Shinryo thống kê các hệ khác có port đồng kết nối vào để quản lý không nhé ! | D57: Asia | E57: 6-8 tuần | F57: HPE Aruba | G57: 10 | H57: =M57+P57 -> 10 | I57: cái | M57: =SUMIF(CCTV!B:B,A57,CCTV!E:E) -> 0 | N57: =M57*J57 -> 0 | P57: =SUMIF('data-tel '!B:B,A57,'data-tel '!E:E) -> 10 | Q57: =P57*J57 -> 0 | R57: =J57*P57 -> 0
A58: S2P30A | B58: HPE Aruba Networking 10G SFP+ LC SR 400m OM4 MMF C-class Transceiver | C58: module quang MMF, số lượng không khướp, hỗ trợ kiểm tra bảng tính | D58: Asia | E58: 6-8 tuần | F58: HPE Aruba | G58: 60 | H58: =M58+P58 -> 60 | I58: cái | M58: =SUMIF(CCTV!B:B,A58,CCTV!E:E) -> 0 | N58: =M58*J58 -> 0 | P58: =SUMIF('data-tel '!B:B,A58,'data-tel '!E:E) -> 60 | Q58: =P58*J58 -> 0 | R58: =J58*P58 -> 0
A59: S2P31A | B59: HPE Aruba Networking 10G SFP+ LC LR 10km SMF C-class Transceiver | C59: module quang SSF, số lượng không khướp, hỗ trợ kiểm tra bảng tính | D59: Asia | E59: 6-8 tuần | F59: HPE Aruba | G59: 42 | H59: =M59+P59 -> 42 | I59: cái | M59: =SUMIF(CCTV!B:B,A59,CCTV!E:E) -> 0 | N59: =M59*J59 -> 0 | P59: =SUMIF('data-tel '!B:B,A59,'data-tel '!E:E) -> 42 | Q59: =P59*J59 -> 0 | R59: =J59*P59 -> 0
A60: J9283D | B60: HPE Aruba Networking 10G SFP+ to SFP+ 3m Direct Attach Copper Cable | C60: module quang cho các AS cùng IDF, 2 switch, phải 8 module mới đủ??? => theo SL thì IDF2 chỉ có 1 S tại mỗi tủ DATA: 1 Sw: 2SFP đến 2 sw core, + 1 SFP đến IDF 3 CCTV : 1 Sw 1 SFP Mục này là dây kết nối : 4 tại IDF 1 SECURITY ROOM 2 tại IDF Main Data Rack 2-48U for Router..  Cáp DAC này chỉ để kết nối từ Access SW đến Core SW ở cùng tủ(2 sw cần 4 sợi), ngoài ra thêm 2 sợi để link giữa 2 con FW/Router để chạy HA | D60: Asia | E60: 6-8 tuần | F60: HPE Aruba | G60: 6 | H60: =M60+P60 -> 6 | I60: cái | M60: =SUMIF(CCTV!B:B,A60,CCTV!E:E) -> 0 | N60: =M60*J60 -> 0 | P60: =SUMIF('data-tel '!B:B,A60,'data-tel '!E:E) -> 6 | Q60: =P60*J60 -> 0 | R60: =J60*P60 -> 0
A61: S2P34A | B61: HPE Aruba Networking 25G SFP28 LC LR 10km SMF C-class Transceiver | C61: module quang từ IDF 01 to Main IT rack | D61: Asia | E61: 6-8 tuần | F61: HPE Aruba | G61: 4 | H61: =M61+P61 -> 4 | I61: cái | M61: =SUMIF(CCTV!B:B,A61,CCTV!E:E) -> 0 | N61: =M61*J61 -> 0 | P61: =SUMIF('data-tel '!B:B,A61,'data-tel '!E:E) -> 4 | Q61: =P61*J61 -> 0 | R61: =J61*P61 -> 0
A62: JL662A | B62: JL662A HPE Aruba Networking CX 6300M 24-port 1GbE Class4 PoE and 4-port SFP56 Switch HR5H6E Aruba 3Y FC NBD Exch 6300M 24 PoE SVC [for JL662A] JL086A HPE Aruba Networking X372 54VDC 680W 100-240VAC Power Supply JL086A ABB INCLUDED: Power Cord - Europe localization Q9Y79AAE HPE Aruba Networking Central Switch Class-3 Foundation 3-year Subscription E-STU | C62: ok | D62: Asia | E62: 6-8 tuần | F62: HPE Aruba | G62: 6 | H62: =M62+P62 -> 6 | I62: cái | M62: =SUMIF(CCTV!B:B,A62,CCTV!E:E) -> 0 | N62: =M62*J62 -> 0 | P62: =SUMIF('data-tel '!B:B,A62,'data-tel '!E:E) -> 6 | Q62: =P62*J62 -> 0 | R62: =J62*P62 -> 0
A63: JL679A | B63: JL679A HPE Aruba Networking CX 6100 12G Class4 PoE 2G/2SFP+ 139W Switch JL679A ABB INCLUDED: Power Cord - Europe localization HV2L8E Aruba 3Y FC NBD Exch 6100 12G CL4 SVC [for JL679A] Q9Y69AAE HPE Aruba Networking Central Switch Class-1 Foundation 3-year Subscription E-STU | C63: ok | D63: Asia | E63: 6-8 tuần | F63: HPE Aruba | G63: 17 | H63: =M63+P63 -> 17 | I63: cái | M63: =SUMIF(CCTV!B:B,A63,CCTV!E:E) -> 0 | N63: =M63*J63 -> 0 | P63: =SUMIF('data-tel '!B:B,A63,'data-tel '!E:E) -> 17 | Q63: =P63*J63 -> 0 | R63: =J63*P63 -> 0
A64: JM535A | B64: HPE Aruba Networking EC-SFP-SR Multi Mode SFP+ | C64: Cái này kết nối ở đâu??? IDF Main Data Rack 2-48U for Router..  Dùng để link từ FW/Router xuống core switch, mỗi con 2 cổng, 2 con 4 cổng | D64: Asia | E64: 6-8 tuần | F64: HPE Aruba | G64: 4 | H64: =M64+P64 -> 4 | I64: cái | M64: =SUMIF(CCTV!B:B,A64,CCTV!E:E) -> 0 | N64: =M64*J64 -> 0 | P64: =SUMIF('data-tel '!B:B,A64,'data-tel '!E:E) -> 4 | Q64: =P64*J64 -> 0 | R64: =J64*P64 -> 0
A65: JM538A | B65: HPE Aruba Networking EC-S-P 8x RJ45 10/100/1000 4x SFP+ 1/10G SD-WAN Gateway INCLUDED: * Power Cord - Europe localization * Aruba 3Y FC NBD Exch EC-S-P SVC [for JM538A] * HPE Aruba Networking EC-S-P AC Power Supply Unit BUNDLE SOFTWARE: * HPE Aruba Networking EdgeConnect BW 500 3-year Subscription E-STU * HPE Aruba Networking EdgeConnect BW 500 High Availability 3-year Subscription E-STU * HPE Aruba Networking EdgeConnect AS Standard 3-year Subscription E-STU * HPE Aruba Networking EdgeConnect AS Standard High Availability 3-year Subscription E-STU | C65: ok | D65: Asia | E65: 6-8 tuần | F65: HPE Aruba | G65: 1 | H65: =M65+P65 -> 1 | I65: cái | M65: =SUMIF(CCTV!B:B,A65,CCTV!E:E) -> 0 | N65: =M65*J65 -> 0 | P65: =SUMIF('data-tel '!B:B,A65,'data-tel '!E:E) -> 1 | Q65: =P65*J65 -> 0 | R65: =J65*P65 -> 0
A66: OS6360-PH24 | B66: OmniSwitch OS6360-PH24 Alcatel-Lucent OmniSwitch OS6360-PH24 Stackable Switch : Fixed 1RU chassis 24 RJ-45 PoE 10/100/1G BaseT, 2 1G* RJ45/SFP combo, 2 SFP+ (1G/10G) uplink or VFL ports. 380W power budget. *10G license upgradeable. | C66: Chỉ có 37 cái, 30 cái 24P, 7 cái 10P  Điều chỉnh theo thực tế | D66: Asia | E66: 6-8 tuần | F66: Alcatel Lucent | G66: 30 | H66: =M66+P66 -> 30 | I66: cái | M66: =SUMIF(CCTV!B:B,A66,CCTV!E:E) -> 30 | N66: =M66*J66 -> 0 | P66: =SUMIF('data-tel '!B:B,A66,'data-tel '!E:E) -> 0 | Q66: =P66*J66 -> 0 | R66: =J66*P66 -> 0
A67: OS6860N-U28 | B67: OmniSwitch OS6860N-U28 Thiết bị chuyển mạch Alcatel-Lucent OmniSwitch OS6860N-U28: Fixed-configuration chassis in a 1U form factor with 24x100/1000 Base-X SFP ports, 4x 1G/10G SFP+ ports, four SFP28 (1G/10G/25G) ports and 2 x 100G QSFP28 Virtual Chassis link ports. All ports are MACSec capable. The bundle includes one system AC power supply, country-specific power cord, user manuals, access card, hardware for mounting in a 19” rack and a micro-USB-to-USB console adapter Alcatel-Lucent Cable OS6860-CBL-100 1m OS6865 20 Gigabit direct attached copper cable (1m, QSFP+) | C67: Ok | D67: Asia | E67: 6-8 tuần | F67: Alcatel Lucent | G67: 2 | H67: =M67+P67 -> 2 | I67: cái | M67: =SUMIF(CCTV!B:B,A67,CCTV!E:E) -> 2 | N67: =M67*J67 -> 0 | P67: =SUMIF('data-tel '!B:B,A67,'data-tel '!E:E) -> 0 | Q67: =P67*J67 -> 0 | R67: =J67*P67 -> 0
A68: OXO Connect Large 150W | B68: OXO Connect/Office S (AA31) Alcatel-Lucent OXO Connect Large - 150W - Delivered in spare parts from ALE stock 1 * Voice boards (AA35) APA8-HU Analog trunk access board for 8 trunk lines 2 CLIDSP APA daughtercard for local management of CLI signals 2 VoIP32 daughterboard - 32 VoIP channels 1 * Data infrastructure (AA36) Generic power cord 1 * OXO Connect software licenses(CC31) Software license for 1 enhanced SIP device 299 1 additional IP trunk software license 16 Voice mail, 2 additional ports software license 3 Personalized Automated Attendant‚ Audiotext and Fax modem switch software license 1 1 Universal Telephony License for new OXO Connect systems. SoftwareAssurance mandatory. 300 OXO Connect R6 software Suite for OXO Connect Compact, Small, Medium and Large. Not compatible with Compact C25 and Evolution. 1 * Software Assurance SMB (GG15) OXO Connect software assurance for 3 years. Promotion. 300 | D68: France | E68: 6-8 tuần | F68: , | G68: 1 | H68: =M68+P68 -> 1 | I68: cái | M68: =SUMIF(CCTV!B:B,A68,CCTV!E:E) -> 0 | N68: =M68*J68 -> 0 | P68: =SUMIF('data-tel '!B:B,A68,'data-tel '!E:E) -> 1 | Q68: =P68*J68 -> 0 | R68: =J68*P68 -> 0
A69: OS6360-P10 | B69: OS6360-P10 Fixed 1RU ½ rack chassis 8 RJ-45 PoE 10/100/1G BaseT, 2 10/100/1G BaseT, 2 SFP ports. 120W power budget, fanless | D69: France | E69: 6-8 tuần | F69: , | G69: 7 | H69: =M69+P69 -> 7 | I69: cái | M69: =SUMIF(CCTV!B:B,A69,CCTV!E:E) -> 7 | N69: =M69*J69 -> 0 | P69: =SUMIF('data-tel '!B:B,A69,'data-tel '!E:E) -> 0 | Q69: =P69*J69 -> 0 | R69: =J69*P69 -> 0
A70: R0M46A | B70: HPE Aruba Networking 50G SFP56 to SFP56 0.65m Direct Attach Copper Cable | C70: đấu router | D70: Asia | E70: 6-8 tuần | F70: HPE Aruba | G70: 4 | H70: =M70+P70 -> 4 | M70: =SUMIF(CCTV!B:B,A70,CCTV!E:E) -> 0 | N70: =M70*J70 -> 0 | P70: =SUMIF('data-tel '!B:B,A70,'data-tel '!E:E) -> 4 | Q70: =P70*J70 -> 0 | R70: =J70*P70 -> 0
A71: R0Z21A | B71: HPE Aruba Networking 25G SFP28 to SFP28 15m Active Optical Cable | C71: Kết nối tới server switch | D71: Asia | E71: 6-8 tuần | F71: HPE Aruba | G71: 2 | H71: =M71+P71 -> 2 | M71: =SUMIF(CCTV!B:B,A71,CCTV!E:E) -> 0 | N71: =M71*J71 -> 0 | P71: =SUMIF('data-tel '!B:B,A71,'data-tel '!E:E) -> 2 | Q71: =P71*J71 -> 0 | R71: =J71*P71 -> 0
A72: R7J27A | B72: HPE Aruba Networking AP-635 (RW) Tri-radio 2x2 802.11ax Wi-Fi 6E Internal Antennas Campus AP R7J27A HPE Aruba Networking AP-635 (RW) Tri-radio 2x2 802.11ax Wi-Fi 6E Internal Antennas Campus AP H29YFE Aruba 3Y FC NBD Exch AP-635 SVC [for R7J27A] R3J18A HPE Aruba Networking AP-MNT-D Campus AP mount bracket kit (individual) type D: solid surface Q9Y59AAE HPE Aruba Networking Central AP Foundation 3-year Subscription E-STU | C72: ok | D72: Asia | E72: 6-8 tuần | F72: HPE Aruba | G72: 39 | H72: =M72+P72 -> 39 | I72: Bộ | M72: =SUMIF(CCTV!B:B,A72,CCTV!E:E) -> 0 | N72: =M72*J72 -> 0 | P72: =SUMIF('data-tel '!B:B,A72,'data-tel '!E:E) -> 39 | Q72: =P72*J72 -> 0 | R72: =J72*P72 -> 0
A73: JL658A | B73: HPE Aruba Networking CX 6300M 24p SFP+ LRM support and 2p 50G and 2p 25G MACSec Switch HR4C2E :Aruba 3Y FC NBD Exch 6300M 24SFP SVC [for JL658A] HPE Aruba Networking X371 12VDC 250W 100-240VAC Power Supply qty 2 HPE Aruba Networking Central Switch Class-3 Foundation 3-year Subscription E-STU | C73: ok | D73: Asia | E73: 6-8 tuần | F73: HPE Aruba | G73: 4 | H73: =M73+P73 -> 4 | I73: Bộ | M73: =SUMIF(CCTV!B:B,A73,CCTV!E:E) -> 0 | N73: =M73*J73 -> 0 | P73: =SUMIF('data-tel '!B:B,A73,'data-tel '!E:E) -> 4 | Q73: =P73*J73 -> 0 | R73: =J73*P73 -> 0
A74: SFP-10G-LR | B74: 10 Gigabit optical transceiver SFP+). Supports monomode fiber over 1310nm wavelength nominal) with an LC connector. Typical reach of 10Km | C74: Chưa rõ  Module gắn vào Core SW CCTV để kết nối về hệ Core SW của Data(2 sợi nên cần 2 module) | D74: Asia | E74: 6-8 tuần | F74: Alcatel Lucent | G74: 2 | H74: =M74+P74 -> 2 | I74: cái | M74: =SUMIF(CCTV!B:B,A74,CCTV!E:E) -> 2 | N74: =M74*J74 -> 0 | P74: =SUMIF('data-tel '!B:B,A74,'data-tel '!E:E) -> 0 | Q74: =P74*J74 -> 0 | R74: =J74*P74 -> 0
A75: SFP-GIG-LX | B75: Module quang SFP-GIG-LX 1000Base-LX 1310nm 20km - Alcatel-Lucent | C75: ok | D75: Asia | E75: 6-8 tuần | F75: Alcatel Lucent | G75: 74 | H75: =M75+P75 -> 74 | I75: cái | M75: =SUMIF(CCTV!B:B,A75,CCTV!E:E) -> 74 | N75: =M75*J75 -> 0 | P75: =SUMIF('data-tel '!B:B,A75,'data-tel '!E:E) -> 0 | Q75: =P75*J75 -> 0 | R75: =J75*P75 -> 0
A76: SFP-GIG-SX | B76: 1000Base-SX Gigabit Ethernet optical transceiver SFP MSA). Supports multimode fiber over 850nm wavelength nominal) with an LC connector. Typical reach of 300m on 62.5/125 m MMF or 550m on 50/125 m M | D76: Asia | E76: 6-8 tuần | F76: Alcatel Lucent | H76: =M76+P76 -> 0 | I76: cái | M76: =SUMIF(CCTV!B:B,A76,CCTV!E:E) -> 0 | N76: =M76*J76 -> 0 | P76: =SUMIF('data-tel '!B:B,A76,'data-tel '!E:E) -> 0 | Q76: =P76*J76 -> 0 | R76: =J76*P76 -> 0
A77: datasetup | B77: DATA Active Equipment T&C & setup | C77: ok | G77: 1 | H77: =M77+P77 -> 1 | M77: =SUMIF(CCTV!B:B,A77,CCTV!E:E) -> 0 | N77: =M77*J77 -> 0 | P77: =SUMIF('data-tel '!B:B,A77,'data-tel '!E:E) -> 1 | Q77: =P77*J77 -> 0 | R77: =J77*P77 -> 0
A78: CCTVLansetup | B78: CCTV Active Equipment T&C & setup | C78: ok | G78: 1 | H78: =M78+P78 -> 1 | M78: =SUMIF(CCTV!B:B,A78,CCTV!E:E) -> 0 | N78: =M78*J78 -> 0 | P78: =SUMIF('data-tel '!B:B,A78,'data-tel '!E:E) -> 1 | Q78: =P78*J78 -> 0 | R78: =J78*P78 -> 0
A79: VRS48-8120 | B79: VRS42-8120 : Tủ chứa máy chủ dòng S, 42U, 800mm x 1200mm, màu đen | C79: rack main CCTV và IDF 01, số lượng 2 | E79: 4 tuần | F79: VietRack | G79: 2 | H79: =M79+P79 -> 2 | M79: =SUMIF(CCTV!B:B,A79,CCTV!E:E) -> 1 | N79: =M79*J79 -> 0 | P79: =SUMIF('data-tel '!B:B,A79,'data-tel '!E:E) -> 1 | Q79: =P79*J79 -> 0 | R79: =J79*P79 -> 0
H80: =M80+P80 -> 0 | M80: =SUMIF(CCTV!B:B,A80,CCTV!E:E) -> 0 | N80: =M80*J80 -> 0 | P80: =SUMIF('data-tel '!B:B,A80,'data-tel '!E:E) -> 0 | Q80: =P80*J80 -> 0 | R80: =J80*P80 -> 0
A81: VRB03G410 | B81: VRB03G410: Hộp đa phương tiện căn hộ | C81: Tủ cho các wifi xa hơn 90m, kéo cáp quang tại sao có 13 nguồn POE cáp quang đến cần bộ chuyển đôi quang điện chển sang tín hiệu điện, tin hiệu điện này qua POE ADAPTET để có thể cấp nguồn POE cho thiết bị | D81: Cái | E81: 4 TUẦN | F81: VietRack | G81: 10 | H81: =M81+P81 -> 10 | M81: =SUMIF(CCTV!B:B,A81,CCTV!E:E) -> 0 | N81: =M81*J81 -> 0 | P81: =SUMIF('data-tel '!B:B,A81,'data-tel '!E:E) -> 10 | Q81: =P81*J81 -> 0 | R81: =J81*P81 -> 0
A82: CW5249-000 | B82: CW5249-000 : Hộp đấu nối sợi quang COWO, 4 LC/UPC, H115 x W80 x D24.5 mm, gắn tường | D82: Cái | E82: có sẳn | F82: CommScope | G82: 10 | H82: =M82+P82 -> 10 | M82: =SUMIF(CCTV!B:B,A82,CCTV!E:E) -> 0 | N82: =M82*J82 -> 0 | P82: =SUMIF('data-tel '!B:B,A82,'data-tel '!E:E) -> 10 | Q82: =P82*J82 -> 0 | R82: =J82*P82 -> 0
A83: CZ9340-000 | B83: CZ9340-000 : Khớp nối sợi quang, SM, LC-LC đôi, màu xanh dương | D83: Cái | E83: có sẳn | F83: CommScope | G83: 20 | H83: =M83+P83 -> 20 | M83: =SUMIF(CCTV!B:B,A83,CCTV!E:E) -> 0 | N83: =M83*J83 -> 0 | P83: =SUMIF('data-tel '!B:B,A83,'data-tel '!E:E) -> 20 | Q83: =P83*J83 -> 0 | R83: =J83*P83 -> 0
A84: FFWLCSC42-JXM003 | B84: FFWLCSC42-JXM003 : Cáp đấu nối sợi quang, TeraSPEED, 1.6mm, LSZH, OS2, LC-SC đôi, 3m | D84: Sợi | E84: 8-10 tuần | F84: CommScope | G84: 10 | H84: =M84+P84 -> 10 | M84: =SUMIF(CCTV!B:B,A84,CCTV!E:E) -> 0 | N84: =M84*J84 -> 0 | P84: =SUMIF('data-tel '!B:B,A84,'data-tel '!E:E) -> 10 | Q84: =P84*J84 -> 0 | R84: =J84*P84 -> 0
A85: PoE Adapter | B85: PoE Adapter 30w | D85: Cái | E85: 8-10 tuần | H85: =M85+P85 -> 0 | M85: =SUMIF(CCTV!B:B,A85,CCTV!E:E) -> 0 | N85: =M85*J85 -> 0 | P85: =SUMIF('data-tel '!B:B,A85,'data-tel '!E:E) -> 0 | Q85: =P85*J85 -> 0 | R85: =J85*P85 -> 0
A86: MC210CS | B86: MC210CS : Bộ chuyển đổi quang điện, SM, 100Base-FX, SC | D86: Cái | E86: 8-10 tuần | G86: 20 | H86: =M86+P86 -> 20 | M86: =SUMIF(CCTV!B:B,A86,CCTV!E:E) -> 0 | N86: =M86*J86 -> 0 | P86: =SUMIF('data-tel '!B:B,A86,'data-tel '!E:E) -> 20 | Q86: =P86*J86 -> 0 | R86: =J86*P86 -> 0
A87: NPC06UVDB-BL002F | B87: NPC06UVDB-BL002F : Cáp đấu nối, U/UTP, Cat.6, CM (PVC), màu xanh dương, 0.6m | D87: Cái | E87: 8-10 tuần | F87: CommScope | H87: =M87+P87 -> 0 | M87: =SUMIF(CCTV!B:B,A87,CCTV!E:E) -> 0 | N87: =M87*J87 -> 0 | P87: =SUMIF('data-tel '!B:B,A87,'data-tel '!E:E) -> 0 | Q87: =P87*J87 -> 0 | R87: =J87*P87 -> 0
A88: SRV-VRINST | B88: Công lắp tủ | D88: cái | F88: NSP | G88: 10 | H88: =M88+P88 -> 10 | M88: =SUMIF(CCTV!B:B,A88,CCTV!E:E) -> 0 | N88: =M88*J88 -> 0 | P88: =SUMIF('data-tel '!B:B,A88,'data-tel '!E:E) -> 10 | Q88: =P88*J88 -> 0 | R88: =J88*P88 -> 0
H89: =M89+P89 -> 0 | M89: =SUMIF(CCTV!B:B,A89,CCTV!E:E) -> 0 | N89: =M89*J89 -> 0 | P89: =SUMIF('data-tel '!B:B,A89,'data-tel '!E:E) -> 0 | Q89: =P89*J89 -> 0 | R89: =J89*P89 -> 0
A90: VRMV48-1F | B90: VRMV48-1F : Thanh quản lý cáp dọc, 48U, dạng đơn, màu đen | C90: Cho rack main CCTV | E90: 4 tuần | F90: VietRack | G90: 4 | H90: =M90+P90 -> 4 | M90: =SUMIF(CCTV!B:B,A90,CCTV!E:E) -> 2 | N90: =M90*J90 -> 0 | P90: =SUMIF('data-tel '!B:B,A90,'data-tel '!E:E) -> 2 | Q90: =P90*J90 -> 0 | R90: =J90*P90 -> 0
A91: VRV20-680 | B91: VRV20-680 : Tủ chứa máy chủ dòng V, 20U, 600mm x 800mm, màu đen | C91: Số lượng 4 | E91: 4 tuần | F91: VietRack | G91: 4 | H91: =M91+P91 -> 4 | M91: =SUMIF(CCTV!B:B,A91,CCTV!E:E) -> 3 | N91: =M91*J91 -> 0 | P91: =SUMIF('data-tel '!B:B,A91,'data-tel '!E:E) -> 1 | Q91: =P91*J91 -> 0 | R91: =J91*P91 -> 0
A92: VRV36-680 | B92: VRV36-680 : Tủ chứa máy chủ dòng V, 36U, 600mm x 800mm, màu đen | C92: IDF 1.3 | E92: 4 tuần | F92: VietRack | G92: 1 | H92: =M92+P92 -> 1 | M92: =SUMIF(CCTV!B:B,A92,CCTV!E:E) -> 1 | N92: =M92*J92 -> 0 | P92: =SUMIF('data-tel '!B:B,A92,'data-tel '!E:E) -> 0 | Q92: =P92*J92 -> 0 | R92: =J92*P92 -> 0
A93: VRW15-160 | B93: VRW15-160 : Tủ chứa thiết bị gắn tường, 15U, 600mm x 600mm, màu đen | C93: Số lượng 40 | E93: 4 tuần | F93: VietRack | G93: 33 | H93: =M93+P93 -> 33 | M93: =SUMIF(CCTV!B:B,A93,CCTV!E:E) -> 19 | N93: =M93*J93 -> 0 | P93: =SUMIF('data-tel '!B:B,A93,'data-tel '!E:E) -> 14 | Q93: =P93*J93 -> 0 | R93: =J93*P93 -> 0
A94: VRH09G155 | B94: VRH09G155: Tủ chứa thiết bị ngoài trời, 9U, 600mm x 550mm, màu xám trắng | C94: Không có | E94: 4 tuần | F94: VietRack | G94: 2 | H94: =M94+P94 -> 2 | M94: =SUMIF(CCTV!B:B,A94,CCTV!E:E) -> 2 | N94: =M94*J94 -> 0 | P94: =SUMIF('data-tel '!B:B,A94,'data-tel '!E:E) -> 0 | Q94: =P94*J94 -> 0 | R94: =J94*P94 -> 0
A95: VRV15-660 | B95: VRV15-660 : Tủ chứa máy chủ dòng V, 15U, 600mm x 600mm, màu đen | C95: Không có | E95: 4 tuần | F95: VietRack | G95: 5 | H95: =M95+P95 -> 5 | M95: =SUMIF(CCTV!B:B,A95,CCTV!E:E) -> 0 | N95: =M95*J95 -> 0 | P95: =SUMIF('data-tel '!B:B,A95,'data-tel '!E:E) -> 5 | Q95: =P95*J95 -> 0 | R95: =J95*P95 -> 0
N96: =SUM(N3:N94) -> 0 | Q96: =SUM(Q3:Q26,Q41:Q44,Q47:Q52,Q79:Q94) -> 0
N97: =SUM(N28:N39) -> 0 | Q97: =SUM(Q28:Q39) -> 0
N98: =SUM(N55:N78) -> 0 | Q98: =SUM(Q55:Q78) -> 0
N100: =SUM(N3:N94) -> 0 | Q100: =SUM(Q96:Q99) -> 0 | R100: =SUM(R3:R99) -> 0
N102: =CCTV!P1376 -> 0
